Serviço;Agente;Conta;Contato;Protocolo;Canal;Data de Entrada;Data de Atendimento;Data de fila;Tempo em Fila;Tempo de Atendimento;Tempo em Pendência;TMIC;TMIA;Status;Tipo;Classificação;Ativo/Receptivo?;QIC;QIA;Recorrência;Data de finalização;Ano;Mes;Dia;Hora Entrada;Dia da Semana;Tempo em Fila Minutos;Tempo de Atendimento Minutos;Tempo em Pendência Minutos;TMIC Minutos;TMIA Minutos;Tempo Total Minutos;Finalizado;Possui Recorrência;Faixa Fila;Faixa Atendimento
Dúvidas Gerais;Ana Souza;Empresa Simulada;Cliente 005;202600000024;Portal;2026-02-14 09:01:00;2026-02-14 12:01:00;2026-02-14 09:03:00;03:00:00;00:12:00;00:20:00;00:00:00;00:10:00;Finalizado;Humano;Normal;Ativo;3;6;Reincidente;2026-02-14 12:13:00;2026;2;14;9;Saturday;180.0;12.0;20.0;0.0;10.0;212.0;True;True;Acima de 30 minutos;Até 15 minutos
Pós-venda;Ana Souza;Empresa Simulada;Cliente 003;202600000004;Telefone;2026-02-25 08:48:00;2026-02-25 08:49:00;2026-02-25 08:51:00;00:01:00;00:12:00;00:00:00;00:01:00;00:00:00;Finalizado;Misto;Padrão;Ativo;6;1;Reincidente;2026-02-25 09:01:00;2026;2;25;8;Wednesday;1.0;12.0;0.0;1.0;0.0;13.0;True;True;Até 5 minutos;Até 15 minutos
Suporte Técnico;Diego Rocha;Empresa Simulada;Cliente 006;202600000015;Telefone;2026-02-10 11:45:00;2026-02-10 11:45:00;2026-02-10 11:45:00;00:00:00;00:15:00;00:00:00;00:00:00;00:00:00;Em atendimento;Humano;Padrão;Receptivo;1;2;Rechamada;;2026;2;10;11;Tuesday;0.0;15.0;0.0;0.0;0.0;15.0;False;True;Até 5 minutos;Até 15 minutos
Suporte SAC;Não informado;Empresa Simulada;Cliente 003;202600000030;Portal;2026-01-15 15:24:00;;2026-01-15 15:25:00;00:05:00;00:00:00;00:30:00;00:00:00;00:00:00;Aguardando atendimento;Automático;Normal;Receptivo;3;7;Recorrente;;2026;1;15;15;Thursday;5.0;0.0;30.0;0.0;0.0;35.0;False;True;Até 5 minutos;Até 15 minutos
Atendimento Comercial;Bruno Lima;Empresa Simulada;Cliente 005;202600000016;Portal;2026-01-14 12:08:00;;2026-01-14 12:10:00;00:03:00;00:00:00;00:05:00;00:05:00;00:04:00;Aguardando atendimento;Humano;Normal;Ativo;6;1;Recorrente;;2026;1;14;12;Wednesday;3.0;0.0;5.0;5.0;4.0;8.0;False;True;Até 5 minutos;Até 15 minutos
Suporte SAC;Carla Mendes;Empresa Simulada;Cliente 004;202600000016;E-mail;2026-02-07 12:35:00;;2026-02-07 12:35:00;00:00:00;00:00:00;00:10:00;00:01:00;00:10:00;Aguardando atendimento;Automático;Normal;Ativo;1;4;Rechamada;;2026;2;7;12;Saturday;0.0;0.0;10.0;1.0;10.0;10.0;False;True;Até 5 minutos;Até 15 minutos
Suporte Técnico;Bruno Lima;Empresa Simulada;Cliente 001;202600000035;E-mail;2026-01-14 13:48:00;2026-01-14 13:49:00;2026-01-14 13:48:00;00:01:00;00:30:00;00:00:00;00:00:00;00:02:00;Em atendimento;Misto;Normal;Ativo;2;7;Reincidente;;2026;1;14;13;Wednesday;1.0;30.0;0.0;0.0;2.0;31.0;False;True;Até 5 minutos;De 16 a 60 minutos
Pós-venda;Fernanda Alves;Empresa Simulada;Cliente 004;202600000019;Whatsapp;2026-02-07 17:27:00;;2026-02-07 17:28:00;00:03:00;00:00:00;00:05:00;00:08:00;00:10:00;Aguardando atendimento;Humano;Normal;Ativo;3;0;Sem recorrência;;2026;2;7;17;Saturday;3.0;0.0;5.0;8.0;10.0;8.0;False;False;Até 5 minutos;Até 15 minutos
Dúvidas Gerais;Bruno Lima;Empresa Simulada;Cliente 006;202600000015;Portal;2026-01-19 09:57:00;2026-01-19 09:57:00;2026-01-19 09:59:00;00:00:00;00:20:00;00:00:00;00:08:00;00:04:00;Finalizado;Humano;Padrão;Ativo;6;5;Recorrente;2026-01-19 10:17:00;2026;1;19;9;Monday;0.0;20.0;0.0;8.0;4.0;20.0;True;True;Até 5 minutos;De 16 a 60 minutos
Atendimento Comercial;Fernanda Alves;Empresa Simulada;Cliente 004;202600000016;E-mail;2026-03-01 08:43:00;2026-03-01 10:43:00;2026-03-01 08:43:00;02:00:00;00:45:00;00:30:00;00:00:00;00:00:00;Finalizado;Automático;Normal;Ativo;7;1;Sem recorrência;2026-03-01 11:28:00;2026;3;1;8;Sunday;120.0;45.0;30.0;0.0;0.0;195.0;True;False;Acima de 30 minutos;De 16 a 60 minutos
Pós-venda;Carla Mendes;Empresa Simulada;Cliente 007;202600000011;Portal;2026-01-10 11:10:00;2026-01-10 11:25:00;2026-01-10 11:13:00;00:15:00;01:00:00;00:00:00;00:00:00;00:04:00;Finalizado;Automático;Padrão;Receptivo;2;3;Sem recorrência;2026-01-10 12:25:00;2026;1;10;11;Saturday;15.0;60.0;0.0;0.0;4.0;75.0;True;False;De 6 a 30 minutos;De 16 a 60 minutos
Dúvidas Gerais;Ana Souza;Empresa Simulada;Cliente 007;202600000013;E-mail;2026-02-11 16:03:00;2026-02-11 19:03:00;2026-02-11 16:05:00;03:00:00;01:30:00;00:10:00;00:05:00;00:00:00;Finalizado;Humano;Urgente;Ativo;3;0;Recorrente;2026-02-11 20:33:00;2026;2;11;16;Wednesday;180.0;90.0;10.0;5.0;0.0;280.0;True;True;Acima de 30 minutos;Acima de 60 minutos
Suporte Técnico;Diego Rocha;Empresa Simulada;Cliente 002;202600000020;Telefone;2026-02-16 17:36:00;2026-02-16 18:21:00;2026-02-16 17:38:00;00:45:00;00:20:00;00:20:00;00:08:00;00:02:00;Finalizado por inatividade;Automático;Padrão;Ativo;1;3;Rechamada;2026-02-16 18:41:00;2026;2;16;17;Monday;45.0;20.0;20.0;8.0;2.0;85.0;True;True;Acima de 30 minutos;De 16 a 60 minutos
Dúvidas Gerais;Não informado;Empresa Simulada;Cliente 006;202600000023;Whatsapp;2026-01-27 09:56:00;2026-01-27 09:59:00;2026-01-27 09:58:00;00:03:00;01:30:00;00:30:00;00:05:00;00:10:00;Finalizado;Misto;Urgente;Receptivo;1;1;Rechamada;2026-01-27 11:29:00;2026;1;27;9;Tuesday;3.0;90.0;30.0;5.0;10.0;123.0;True;True;Até 5 minutos;Acima de 60 minutos
Suporte SAC;Ana Souza;Empresa Simulada;Cliente 006;202600000043;Portal;2026-01-22 12:38:00;2026-01-22 12:41:00;2026-01-22 12:40:00;00:03:00;00:30:00;00:10:00;00:03:00;00:02:00;Finalizado;Automático;Normal;Receptivo;2;7;Recorrente;2026-01-22 13:11:00;2026;1;22;12;Thursday;3.0;30.0;10.0;3.0;2.0;43.0;True;True;Até 5 minutos;De 16 a 60 minutos
Atendimento Comercial;Ana Souza;Empresa Simulada;Cliente 003;202600000029;Telefone;2026-02-09 08:07:00;2026-02-09 08:07:00;2026-02-09 08:08:00;00:00:00;00:45:00;00:10:00;00:05:00;00:00:00;Finalizado;Humano;Padrão;Ativo;5;6;Rechamada;2026-02-09 08:52:00;2026;2;9;8;Monday;0.0;45.0;10.0;5.0;0.0;55.0;True;True;Até 5 minutos;De 16 a 60 minutos
Atendimento Comercial;Carla Mendes;Empresa Simulada;Cliente 002;202600000044;Whatsapp;2026-01-20 10:51:00;2026-01-20 10:52:00;2026-01-20 10:54:00;00:01:00;00:45:00;00:30:00;00:03:00;00:10:00;Finalizado;Automático;Normal;Receptivo;5;4;Sem recorrência;2026-01-20 11:37:00;2026;1;20;10;Tuesday;1.0;45.0;30.0;3.0;10.0;76.0;True;False;Até 5 minutos;De 16 a 60 minutos
Dúvidas Gerais;Carla Mendes;Empresa Simulada;Cliente 001;202600000030;Whatsapp;2026-02-16 11:25:00;2026-02-16 11:35:00;2026-02-16 11:27:00;00:10:00;00:10:00;00:00:00;00:08:00;00:07:00;Transferido;Automático;Normal;Ativo;6;5;Recorrente;2026-02-16 11:45:00;2026;2;16;11;Monday;10.0;10.0;0.0;8.0;7.0;20.0;False;True;De 6 a 30 minutos;Até 15 minutos
Atendimento Comercial;Carla Mendes;Empresa Simulada;Cliente 004;202600000040;Whatsapp;2026-02-12 16:07:00;2026-02-12 16:22:00;2026-02-12 16:08:00;00:15:00;01:00:00;00:00:00;00:05:00;00:07:00;Finalizado;Misto;Padrão;Ativo;4;4;Reincidente;2026-02-12 17:22:00;2026;2;12;16;Thursday;15.0;60.0;0.0;5.0;7.0;75.0;True;True;De 6 a 30 minutos;De 16 a 60 minutos
Dúvidas Gerais;Carla Mendes;Empresa Simulada;Cliente 004;202600000039;Whatsapp;2026-01-30 12:35:00;2026-01-30 12:36:00;2026-01-30 12:36:00;00:01:00;01:00:00;00:20:00;00:08:00;00:00:00;Finalizado;Automático;Padrão;Receptivo;7;7;Rechamada;2026-01-30 13:36:00;2026;1;30;12;Friday;1.0;60.0;20.0;8.0;0.0;81.0;True;True;Até 5 minutos;De 16 a 60 minutos
Suporte Técnico;Ana Souza;Empresa Simulada;Cliente 007;202600000040;E-mail;2026-02-06 15:50:00;2026-02-06 18:50:00;2026-02-06 15:51:00;03:00:00;00:15:00;00:10:00;00:08:00;00:10:00;Em atendimento;Misto;Padrão;Ativo;0;3;Sem recorrência;;2026;2;6;15;Friday;180.0;15.0;10.0;8.0;10.0;205.0;False;False;Acima de 30 minutos;Até 15 minutos
Atendimento Comercial;Gabriel Santos;Empresa Simulada;Cliente 006;202600000029;Whatsapp;2026-02-03 14:56:00;;2026-02-03 14:57:00;02:00:00;00:00:00;00:05:00;00:03:00;00:04:00;Aguardando atendimento;Humano;Padrão;Receptivo;0;3;Rechamada;;2026;2;3;14;Tuesday;120.0;0.0;5.0;3.0;4.0;125.0;False;True;Acima de 30 minutos;Até 15 minutos
Dúvidas Gerais;Diego Rocha;Empresa Simulada;Cliente 002;202600000036;Portal;2026-02-25 15:42:00;2026-02-25 16:27:00;2026-02-25 15:44:00;00:45:00;01:30:00;00:10:00;00:08:00;00:07:00;Finalizado por inatividade;Automático;Padrão;Receptivo;3;4;Reincidente;2026-02-25 17:57:00;2026;2;25;15;Wednesday;45.0;90.0;10.0;8.0;7.0;145.0;True;True;Acima de 30 minutos;Acima de 60 minutos
Atendimento Comercial;Ana Souza;Empresa Simulada;Cliente 004;202600000046;Portal;2026-01-20 12:21:00;2026-01-20 12:31:00;2026-01-20 12:21:00;00:10:00;00:20:00;00:05:00;00:08:00;00:00:00;Finalizado;Automático;Urgente;Ativo;6;6;Sem recorrência;2026-01-20 12:51:00;2026;1;20;12;Tuesday;10.0;20.0;5.0;8.0;0.0;35.0;True;False;De 6 a 30 minutos;De 16 a 60 minutos
Dúvidas Gerais;Não informado;Empresa Simulada;Cliente 005;202600000042;E-mail;2026-02-28 17:24:00;2026-02-28 17:49:00;2026-02-28 17:24:00;00:25:00;00:30:00;00:30:00;00:03:00;00:04:00;Finalizado por inatividade;Automático;Normal;Ativo;6;5;Recorrente;2026-02-28 18:19:00;2026;2;28;17;Saturday;25.0;30.0;30.0;3.0;4.0;85.0;True;True;De 6 a 30 minutos;De 16 a 60 minutos
Suporte SAC;Ana Souza;Empresa Simulada;Cliente 006;202600000044;Portal;2026-02-20 10:53:00;2026-02-20 11:18:00;2026-02-20 10:54:00;00:25:00;02:10:00;00:00:00;00:03:00;00:07:00;Finalizado por inatividade;Humano;Padrão;Receptivo;5;3;Reincidente;2026-02-20 13:28:00;2026;2;20;10;Friday;25.0;130.0;0.0;3.0;7.0;155.0;True;True;De 6 a 30 minutos;Acima de 60 minutos
Suporte Técnico;Bruno Lima;Empresa Simulada;Cliente 006;202600000028;Whatsapp;2026-02-22 14:17:00;2026-02-22 14:32:00;2026-02-22 14:19:00;00:15:00;00:20:00;00:00:00;00:08:00;00:07:00;Transferido;Misto;Normal;Ativo;2;3;Sem recorrência;2026-02-22 14:52:00;2026;2;22;14;Sunday;15.0;20.0;0.0;8.0;7.0;35.0;False;False;De 6 a 30 minutos;De 16 a 60 minutos
Suporte SAC;Não informado;Empresa Simulada;Cliente 007;202600000051;E-mail;2026-02-10 11:29:00;;2026-02-10 11:31:00;03:00:00;00:00:00;00:00:00;00:05:00;00:07:00;Aguardando atendimento;Automático;Normal;Receptivo;6;3;Rechamada;;2026;2;10;11;Tuesday;180.0;0.0;0.0;5.0;7.0;180.0;False;True;Acima de 30 minutos;Até 15 minutos
Pós-venda;Gabriel Santos;Empresa Simulada;Cliente 003;202600000046;Whatsapp;2026-01-11 12:54:00;2026-01-11 14:54:00;2026-01-11 12:54:00;02:00:00;00:35:00;00:30:00;00:00:00;00:02:00;Transferido;Misto;Urgente;Receptivo;1;6;Recorrente;2026-01-11 15:29:00;2026;1;11;12;Sunday;120.0;35.0;30.0;0.0;2.0;185.0;False;True;Acima de 30 minutos;De 16 a 60 minutos
Dúvidas Gerais;Carla Mendes;Empresa Simulada;Cliente 003;202600000043;E-mail;2026-02-19 10:27:00;2026-02-19 10:28:00;2026-02-19 10:29:00;00:01:00;00:50:00;00:30:00;00:03:00;00:04:00;Em atendimento;Humano;Padrão;Receptivo;5;0;Rechamada;;2026;2;19;10;Thursday;1.0;50.0;30.0;3.0;4.0;81.0;False;True;Até 5 minutos;De 16 a 60 minutos
Suporte SAC;Bruno Lima;Empresa Simulada;Cliente 006;202600000037;Portal;2026-02-05 11:22:00;2026-02-05 11:27:00;2026-02-05 11:24:00;00:05:00;00:30:00;00:10:00;00:00:00;00:07:00;Finalizado;Automático;Urgente;Receptivo;7;0;Rechamada;2026-02-05 11:57:00;2026;2;5;11;Thursday;5.0;30.0;10.0;0.0;7.0;45.0;True;True;Até 5 minutos;De 16 a 60 minutos
Suporte Técnico;Carla Mendes;Empresa Simulada;Cliente 006;202600000049;Portal;2026-01-30 11:19:00;2026-01-30 13:19:00;2026-01-30 11:21:00;02:00:00;02:10:00;00:00:00;00:03:00;00:10:00;Finalizado;Automático;Padrão;Ativo;5;1;Rechamada;2026-01-30 15:29:00;2026;1;30;11;Friday;120.0;130.0;0.0;3.0;10.0;250.0;True;True;Acima de 30 minutos;Acima de 60 minutos
Suporte SAC;Não informado;Empresa Simulada;Cliente 002;202600000042;Telefone;2026-01-17 11:47:00;;2026-01-17 11:49:00;00:25:00;00:00:00;00:30:00;00:05:00;00:07:00;Aguardando atendimento;Humano;Padrão;Ativo;4;0;Reincidente;;2026;1;17;11;Saturday;25.0;0.0;30.0;5.0;7.0;55.0;False;True;De 6 a 30 minutos;Até 15 minutos
Suporte Técnico;Bruno Lima;Empresa Simulada;Cliente 001;202600000048;Telefone;2026-02-18 10:40:00;2026-02-18 11:05:00;2026-02-18 10:40:00;00:25:00;00:35:00;00:00:00;00:03:00;00:04:00;Transferido;Automático;Normal;Ativo;0;2;Reincidente;2026-02-18 11:40:00;2026;2;18;10;Wednesday;25.0;35.0;0.0;3.0;4.0;60.0;False;True;De 6 a 30 minutos;De 16 a 60 minutos
Pós-venda;Carla Mendes;Empresa Simulada;Cliente 007;202600000049;Portal;2026-01-10 11:07:00;2026-01-10 11:52:00;2026-01-10 11:10:00;00:45:00;00:50:00;00:00:00;00:05:00;00:04:00;Em atendimento;Automático;Urgente;Ativo;3;3;Sem recorrência;;2026;1;10;11;Saturday;45.0;50.0;0.0;5.0;4.0;95.0;False;False;Acima de 30 minutos;De 16 a 60 minutos
Suporte Técnico;Ana Souza;Empresa Simulada;Cliente 002;202600000051;Telefone;2026-01-15 11:11:00;2026-01-15 11:56:00;2026-01-15 11:11:00;00:45:00;01:00:00;00:05:00;00:08:00;00:07:00;Finalizado;Misto;Padrão;Ativo;4;3;Rechamada;2026-01-15 12:56:00;2026;1;15;11;Thursday;45.0;60.0;5.0;8.0;7.0;110.0;True;True;Acima de 30 minutos;De 16 a 60 minutos
Dúvidas Gerais;Carla Mendes;Empresa Simulada;Cliente 004;202600000060;Whatsapp;2026-02-15 10:58:00;2026-02-15 11:03:00;2026-02-15 10:59:00;00:05:00;00:12:00;00:30:00;00:01:00;00:07:00;Finalizado;Automático;Urgente;Receptivo;7;1;Recorrente;2026-02-15 11:15:00;2026;2;15;10;Sunday;5.0;12.0;30.0;1.0;7.0;47.0;True;True;Até 5 minutos;Até 15 minutos
Suporte SAC;Não informado;Empresa Simulada;Cliente 007;202600000056;E-mail;2026-02-21 13:38:00;2026-02-21 13:43:00;2026-02-21 13:38:00;00:05:00;00:05:00;00:30:00;00:08:00;00:02:00;Finalizado;Automático;Urgente;Ativo;6;7;Reincidente;2026-02-21 13:48:00;2026;2;21;13;Saturday;5.0;5.0;30.0;8.0;2.0;40.0;True;True;Até 5 minutos;Até 15 minutos
Pós-venda;Não informado;Empresa Simulada;Cliente 007;202600000048;Whatsapp;2026-01-31 13:20:00;2026-01-31 15:20:00;2026-01-31 13:20:00;02:00:00;00:10:00;00:05:00;00:08:00;00:04:00;Transferido;Automático;Normal;Ativo;6;0;Recorrente;2026-01-31 15:30:00;2026;1;31;13;Saturday;120.0;10.0;5.0;8.0;4.0;135.0;False;True;Acima de 30 minutos;Até 15 minutos
Suporte Técnico;Fernanda Alves;Empresa Simulada;Cliente 002;202600000046;Telefone;2026-01-31 08:12:00;2026-01-31 08:57:00;2026-01-31 08:14:00;00:45:00;00:30:00;00:20:00;00:03:00;00:00:00;Em atendimento;Automático;Urgente;Ativo;2;4;Recorrente;;2026;1;31;8;Saturday;45.0;30.0;20.0;3.0;0.0;95.0;False;True;Acima de 30 minutos;De 16 a 60 minutos
Suporte Técnico;Diego Rocha;Empresa Simulada;Cliente 007;202600000057;Portal;2026-01-10 11:53:00;2026-01-10 11:53:00;2026-01-10 11:56:00;00:00:00;00:12:00;00:05:00;00:08:00;00:02:00;Finalizado por inatividade;Automático;Normal;Receptivo;3;2;Recorrente;2026-01-10 12:05:00;2026;1;10;11;Saturday;0.0;12.0;5.0;8.0;2.0;17.0;True;True;Até 5 minutos;Até 15 minutos
Pós-venda;Não informado;Empresa Simulada;Cliente 002;202600000063;Portal;2026-01-26 16:17:00;;2026-01-26 16:19:00;00:00:00;00:00:00;00:30:00;00:05:00;00:07:00;Aguardando atendimento;Misto;Padrão;Receptivo;7;5;Rechamada;;2026;1;26;16;Monday;0.0;0.0;30.0;5.0;7.0;30.0;False;True;Até 5 minutos;Até 15 minutos
Atendimento Comercial;Diego Rocha;Empresa Simulada;Cliente 001;202600000064;E-mail;2026-02-10 14:14:00;2026-02-10 14:29:00;2026-02-10 14:14:00;00:15:00;01:30:00;00:20:00;00:03:00;00:04:00;Finalizado;Misto;Urgente;Ativo;7;0;Recorrente;2026-02-10 15:59:00;2026;2;10;14;Tuesday;15.0;90.0;20.0;3.0;4.0;125.0;True;True;De 6 a 30 minutos;Acima de 60 minutos
Dúvidas Gerais;Diego Rocha;Empresa Simulada;Cliente 003;202600000071;Portal;2026-03-01 10:04:00;2026-03-01 10:29:00;2026-03-01 10:06:00;00:25:00;01:00:00;00:20:00;00:00:00;00:02:00;Finalizado;Misto;Normal;Receptivo;3;1;Sem recorrência;2026-03-01 11:29:00;2026;3;1;10;Sunday;25.0;60.0;20.0;0.0;2.0;105.0;True;False;De 6 a 30 minutos;De 16 a 60 minutos
Atendimento Comercial;Bruno Lima;Empresa Simulada;Cliente 005;202600000058;Portal;2026-02-02 10:44:00;2026-02-02 10:49:00;2026-02-02 10:44:00;00:05:00;00:05:00;00:00:00;00:01:00;00:02:00;Finalizado;Misto;Urgente;Ativo;6;3;Rechamada;2026-02-02 10:54:00;2026;2;2;10;Monday;5.0;5.0;0.0;1.0;2.0;10.0;True;True;Até 5 minutos;Até 15 minutos
Dúvidas Gerais;Bruno Lima;Empresa Simulada;Cliente 001;202600000067;Portal;2026-01-19 15:40:00;2026-01-19 15:45:00;2026-01-19 15:43:00;00:05:00;00:05:00;00:30:00;00:03:00;00:02:00;Finalizado;Automático;Urgente;Receptivo;7;4;Recorrente;2026-01-19 15:50:00;2026;1;19;15;Monday;5.0;5.0;30.0;3.0;2.0;40.0;True;True;Até 5 minutos;Até 15 minutos
Suporte SAC;Fernanda Alves;Empresa Simulada;Cliente 007;202600000055;Whatsapp;2026-01-11 11:24:00;2026-01-11 12:44:00;2026-01-11 11:26:00;01:20:00;00:15:00;00:00:00;00:08:00;00:04:00;Em atendimento;Misto;Urgente;Receptivo;3;3;Rechamada;;2026;1;11;11;Sunday;80.0;15.0;0.0;8.0;4.0;95.0;False;True;Acima de 30 minutos;Até 15 minutos
Atendimento Comercial;Ana Souza;Empresa Simulada;Cliente 003;202600000071;Telefone;2026-02-14 09:57:00;2026-02-14 11:57:00;2026-02-14 09:57:00;02:00:00;01:30:00;00:00:00;00:05:00;00:02:00;Finalizado;Misto;Padrão;Receptivo;4;2;Reincidente;2026-02-14 13:27:00;2026;2;14;9;Saturday;120.0;90.0;0.0;5.0;2.0;210.0;True;True;Acima de 30 minutos;Acima de 60 minutos
Pós-venda;Não informado;Empresa Simulada;Cliente 007;202600000072;Telefone;2026-02-21 13:51:00;2026-02-21 13:51:00;2026-02-21 13:54:00;00:00:00;00:12:00;00:30:00;00:00:00;00:10:00;Finalizado por inatividade;Humano;Padrão;Ativo;7;5;Reincidente;2026-02-21 14:03:00;2026;2;21;13;Saturday;0.0;12.0;30.0;0.0;10.0;42.0;True;True;Até 5 minutos;Até 15 minutos
Dúvidas Gerais;Carla Mendes;Empresa Simulada;Cliente 005;202600000078;E-mail;2026-02-11 14:52:00;2026-02-11 16:52:00;2026-02-11 14:54:00;02:00:00;00:20:00;00:05:00;00:00:00;00:07:00;Finalizado;Misto;Normal;Receptivo;6;1;Sem recorrência;2026-02-11 17:12:00;2026;2;11;14;Wednesday;120.0;20.0;5.0;0.0;7.0;145.0;True;False;Acima de 30 minutos;De 16 a 60 minutos
Dúvidas Gerais;Diego Rocha;Empresa Simulada;Cliente 005;202600000072;E-mail;2026-01-24 15:07:00;2026-01-24 15:07:00;2026-01-24 15:08:00;00:00:00;00:05:00;00:05:00;00:03:00;00:02:00;Transferido;Automático;Urgente;Receptivo;4;0;Rechamada;2026-01-24 15:12:00;2026;1;24;15;Saturday;0.0;5.0;5.0;3.0;2.0;10.0;False;True;Até 5 minutos;Até 15 minutos
Pós-venda;Carla Mendes;Empresa Simulada;Cliente 002;202600000053;Whatsapp;2026-02-02 15:15:00;2026-02-02 15:25:00;2026-02-02 15:15:00;00:10:00;00:45:00;00:10:00;00:08:00;00:02:00;Finalizado por inatividade;Automático;Normal;Ativo;0;5;Rechamada;2026-02-02 16:10:00;2026;2;2;15;Monday;10.0;45.0;10.0;8.0;2.0;65.0;True;True;De 6 a 30 minutos;De 16 a 60 minutos
Suporte Técnico;Não informado;Empresa Simulada;Cliente 002;202600000053;E-mail;2026-01-09 16:13:00;2026-01-09 17:33:00;2026-01-09 16:14:00;01:20:00;00:05:00;00:00:00;00:00:00;00:07:00;Transferido;Misto;Padrão;Ativo;2;0;Reincidente;2026-01-09 17:38:00;2026;1;9;16;Friday;80.0;5.0;0.0;0.0;7.0;85.0;False;True;Acima de 30 minutos;Até 15 minutos
Pós-venda;Diego Rocha;Empresa Simulada;Cliente 007;202600000056;Telefone;2026-01-06 10:16:00;;2026-01-06 10:17:00;00:00:00;00:00:00;00:10:00;00:00:00;00:10:00;Aguardando atendimento;Misto;Urgente;Ativo;0;4;Sem recorrência;;2026;1;6;10;Tuesday;0.0;0.0;10.0;0.0;10.0;10.0;False;False;Até 5 minutos;Até 15 minutos
Suporte SAC;Carla Mendes;Empresa Simulada;Cliente 005;202600000057;E-mail;2026-01-08 15:54:00;;2026-01-08 15:57:00;00:15:00;00:00:00;00:05:00;00:08:00;00:04:00;Aguardando atendimento;Humano;Normal;Receptivo;6;4;Recorrente;;2026;1;8;15;Thursday;15.0;0.0;5.0;8.0;4.0;20.0;False;True;De 6 a 30 minutos;Até 15 minutos
Pós-venda;Gabriel Santos;Empresa Simulada;Cliente 001;202600000068;Telefone;2026-01-11 09:54:00;2026-01-11 11:54:00;2026-01-11 09:55:00;02:00:00;00:20:00;00:05:00;00:01:00;00:04:00;Finalizado;Automático;Padrão;Ativo;7;1;Sem recorrência;2026-01-11 12:14:00;2026;1;11;9;Sunday;120.0;20.0;5.0;1.0;4.0;145.0;True;False;Acima de 30 minutos;De 16 a 60 minutos
Suporte Técnico;Gabriel Santos;Empresa Simulada;Cliente 001;202600000074;Portal;2026-02-01 09:47:00;2026-02-01 12:47:00;2026-02-01 09:49:00;03:00:00;00:35:00;00:00:00;00:05:00;00:07:00;Transferido;Automático;Urgente;Receptivo;5;1;Rechamada;2026-02-01 13:22:00;2026;2;1;9;Sunday;180.0;35.0;0.0;5.0;7.0;215.0;False;True;Acima de 30 minutos;De 16 a 60 minutos
Pós-venda;Não informado;Empresa Simulada;Cliente 005;202600000065;Whatsapp;2026-01-14 15:14:00;2026-01-14 15:14:00;2026-01-14 15:16:00;00:00:00;00:10:00;00:00:00;00:01:00;00:07:00;Transferido;Misto;Urgente;Ativo;4;4;Sem recorrência;2026-01-14 15:24:00;2026;1;14;15;Wednesday;0.0;10.0;0.0;1.0;7.0;10.0;False;False;Até 5 minutos;Até 15 minutos
Pós-venda;Diego Rocha;Empresa Simulada;Cliente 004;202600000065;Telefone;2026-01-16 10:36:00;2026-01-16 12:36:00;2026-01-16 10:39:00;02:00:00;00:05:00;00:00:00;00:08:00;00:07:00;Finalizado;Humano;Padrão;Ativo;0;2;Sem recorrência;2026-01-16 12:41:00;2026;1;16;10;Friday;120.0;5.0;0.0;8.0;7.0;125.0;True;False;Acima de 30 minutos;Até 15 minutos
Dúvidas Gerais;Ana Souza;Empresa Simulada;Cliente 003;202600000084;Portal;2026-02-17 09:17:00;2026-02-17 09:42:00;2026-02-17 09:20:00;00:25:00;01:30:00;00:05:00;00:01:00;00:00:00;Finalizado;Humano;Padrão;Receptivo;0;3;Sem recorrência;2026-02-17 11:12:00;2026;2;17;9;Tuesday;25.0;90.0;5.0;1.0;0.0;120.0;True;False;De 6 a 30 minutos;Acima de 60 minutos
Pós-venda;Gabriel Santos;Empresa Simulada;Cliente 004;202600000061;E-mail;2026-01-05 11:19:00;;2026-01-05 11:20:00;00:03:00;00:00:00;00:00:00;00:01:00;00:00:00;Aguardando atendimento;Humano;Padrão;Receptivo;1;6;Recorrente;;2026;1;5;11;Monday;3.0;0.0;0.0;1.0;0.0;3.0;False;True;Até 5 minutos;Até 15 minutos
Suporte Técnico;Ana Souza;Empresa Simulada;Cliente 004;202600000075;Whatsapp;2026-01-06 15:58:00;2026-01-06 15:58:00;2026-01-06 16:00:00;00:00:00;00:50:00;00:05:00;00:08:00;00:10:00;Em atendimento;Automático;Normal;Receptivo;1;6;Recorrente;;2026;1;6;15;Tuesday;0.0;50.0;5.0;8.0;10.0;55.0;False;True;Até 5 minutos;De 16 a 60 minutos
Dúvidas Gerais;Gabriel Santos;Empresa Simulada;Cliente 001;202600000065;E-mail;2026-02-11 14:33:00;2026-02-11 14:33:00;2026-02-11 14:36:00;00:00:00;00:10:00;00:00:00;00:01:00;00:00:00;Transferido;Automático;Padrão;Ativo;2;4;Rechamada;2026-02-11 14:43:00;2026;2;11;14;Wednesday;0.0;10.0;0.0;1.0;0.0;10.0;False;True;Até 5 minutos;Até 15 minutos
Dúvidas Gerais;Carla Mendes;Empresa Simulada;Cliente 007;202600000084;Telefone;2026-02-22 09:11:00;2026-02-22 11:11:00;2026-02-22 09:14:00;02:00:00;01:30:00;00:20:00;00:05:00;00:10:00;Finalizado;Humano;Padrão;Receptivo;4;0;Sem recorrência;2026-02-22 12:41:00;2026;2;22;9;Sunday;120.0;90.0;20.0;5.0;10.0;230.0;True;False;Acima de 30 minutos;Acima de 60 minutos
Dúvidas Gerais;Fernanda Alves;Empresa Simulada;Cliente 004;202600000084;Portal;2026-01-24 15:28:00;2026-01-24 15:28:00;2026-01-24 15:28:00;00:00:00;00:30:00;00:00:00;00:08:00;00:00:00;Finalizado;Misto;Urgente;Ativo;5;7;Sem recorrência;2026-01-24 15:58:00;2026;1;24;15;Saturday;0.0;30.0;0.0;8.0;0.0;30.0;True;False;Até 5 minutos;De 16 a 60 minutos
Pós-venda;Fernanda Alves;Empresa Simulada;Cliente 005;202600000080;E-mail;2026-02-02 09:51:00;2026-02-02 10:01:00;2026-02-02 09:51:00;00:10:00;00:12:00;00:00:00;00:00:00;00:10:00;Finalizado;Automático;Padrão;Receptivo;0;5;Sem recorrência;2026-02-02 10:13:00;2026;2;2;9;Monday;10.0;12.0;0.0;0.0;10.0;22.0;True;False;De 6 a 30 minutos;Até 15 minutos
Pós-venda;Bruno Lima;Empresa Simulada;Cliente 005;202600000089;Whatsapp;2026-02-09 14:18:00;2026-02-09 14:23:00;2026-02-09 14:19:00;00:05:00;00:12:00;00:00:00;00:01:00;00:10:00;Finalizado;Automático;Urgente;Ativo;6;5;Reincidente;2026-02-09 14:35:00;2026;2;9;14;Monday;5.0;12.0;0.0;1.0;10.0;17.0;True;True;Até 5 minutos;Até 15 minutos
Suporte SAC;Fernanda Alves;Empresa Simulada;Cliente 007;202600000095;Whatsapp;2026-01-16 11:21:00;2026-01-16 11:46:00;2026-01-16 11:22:00;00:25:00;00:12:00;00:00:00;00:00:00;00:02:00;Finalizado;Misto;Padrão;Receptivo;2;2;Rechamada;2026-01-16 11:58:00;2026;1;16;11;Friday;25.0;12.0;0.0;0.0;2.0;37.0;True;True;De 6 a 30 minutos;Até 15 minutos
Pós-venda;Bruno Lima;Empresa Simulada;Cliente 005;202600000078;E-mail;2026-02-20 15:02:00;;2026-02-20 15:04:00;00:15:00;00:00:00;00:00:00;00:03:00;00:07:00;Aguardando atendimento;Automático;Padrão;Receptivo;7;4;Recorrente;;2026;2;20;15;Friday;15.0;0.0;0.0;3.0;7.0;15.0;False;True;De 6 a 30 minutos;Até 15 minutos
Suporte SAC;Gabriel Santos;Empresa Simulada;Cliente 007;202600000087;Whatsapp;2026-01-15 11:51:00;2026-01-15 13:11:00;2026-01-15 11:52:00;01:20:00;00:02:00;00:20:00;00:03:00;00:02:00;Transferido;Automático;Normal;Ativo;6;1;Reincidente;2026-01-15 13:13:00;2026;1;15;11;Thursday;80.0;2.0;20.0;3.0;2.0;102.0;False;True;Acima de 30 minutos;Até 15 minutos
Suporte SAC;Não informado;Empresa Simulada;Cliente 006;202600000081;Telefone;2026-01-06 14:03:00;2026-01-06 14:18:00;2026-01-06 14:05:00;00:15:00;00:08:00;00:00:00;00:00:00;00:00:00;Finalizado;Humano;Normal;Ativo;7;7;Sem recorrência;2026-01-06 14:26:00;2026;1;6;14;Tuesday;15.0;8.0;0.0;0.0;0.0;23.0;True;False;De 6 a 30 minutos;Até 15 minutos
Atendimento Comercial;Diego Rocha;Empresa Simulada;Cliente 006;202600000073;Portal;2026-01-06 12:13:00;2026-01-06 12:14:00;2026-01-06 12:16:00;00:01:00;00:30:00;00:00:00;00:01:00;00:00:00;Finalizado;Humano;Normal;Ativo;3;2;Sem recorrência;2026-01-06 12:44:00;2026;1;6;12;Tuesday;1.0;30.0;0.0;1.0;0.0;31.0;True;False;Até 5 minutos;De 16 a 60 minutos
Dúvidas Gerais;Fernanda Alves;Empresa Simulada;Cliente 007;202600000089;Whatsapp;2026-02-13 13:15:00;2026-02-13 14:35:00;2026-02-13 13:18:00;01:20:00;00:08:00;00:10:00;00:01:00;00:00:00;Finalizado;Automático;Padrão;Receptivo;0;5;Rechamada;2026-02-13 14:43:00;2026;2;13;13;Friday;80.0;8.0;10.0;1.0;0.0;98.0;True;True;Acima de 30 minutos;Até 15 minutos
Pós-venda;Gabriel Santos;Empresa Simulada;Cliente 004;202600000079;E-mail;2026-02-20 09:49:00;2026-02-20 11:09:00;2026-02-20 09:51:00;01:20:00;00:45:00;00:10:00;00:01:00;00:10:00;Finalizado;Humano;Normal;Receptivo;3;0;Reincidente;2026-02-20 11:54:00;2026;2;20;9;Friday;80.0;45.0;10.0;1.0;10.0;135.0;True;True;Acima de 30 minutos;De 16 a 60 minutos
Suporte Técnico;Carla Mendes;Empresa Simulada;Cliente 001;202600000102;Telefone;2026-01-24 16:25:00;2026-01-24 17:10:00;2026-01-24 16:28:00;00:45:00;00:20:00;00:00:00;00:01:00;00:00:00;Finalizado;Automático;Padrão;Receptivo;2;7;Reincidente;2026-01-24 17:30:00;2026;1;24;16;Saturday;45.0;20.0;0.0;1.0;0.0;65.0;True;True;Acima de 30 minutos;De 16 a 60 minutos
Suporte SAC;Carla Mendes;Empresa Simulada;Cliente 006;202600000079;Telefone;2026-02-25 16:17:00;2026-02-25 16:17:00;2026-02-25 16:20:00;00:00:00;00:12:00;00:10:00;00:01:00;00:02:00;Finalizado;Automático;Padrão;Receptivo;5;7;Reincidente;2026-02-25 16:29:00;2026;2;25;16;Wednesday;0.0;12.0;10.0;1.0;2.0;22.0;True;True;Até 5 minutos;Até 15 minutos
Atendimento Comercial;Ana Souza;Empresa Simulada;Cliente 002;202600000098;Portal;2026-02-13 14:17:00;2026-02-13 16:17:00;2026-02-13 14:17:00;02:00:00;01:00:00;00:00:00;00:05:00;00:10:00;Finalizado;Humano;Normal;Receptivo;5;6;Rechamada;2026-02-13 17:17:00;2026;2;13;14;Friday;120.0;60.0;0.0;5.0;10.0;180.0;True;True;Acima de 30 minutos;De 16 a 60 minutos
Pós-venda;Carla Mendes;Empresa Simulada;Cliente 006;202600000089;Telefone;2026-02-17 15:23:00;;2026-02-17 15:26:00;00:10:00;00:00:00;00:10:00;00:00:00;00:07:00;Aguardando atendimento;Humano;Normal;Receptivo;1;4;Recorrente;;2026;2;17;15;Tuesday;10.0;0.0;10.0;0.0;7.0;20.0;False;True;De 6 a 30 minutos;Até 15 minutos
Pós-venda;Ana Souza;Empresa Simulada;Cliente 007;202600000084;Telefone;2026-01-18 17:18:00;2026-01-18 20:18:00;2026-01-18 17:21:00;03:00:00;00:12:00;00:30:00;00:00:00;00:04:00;Finalizado;Misto;Padrão;Receptivo;4;2;Rechamada;2026-01-18 20:30:00;2026;1;18;17;Sunday;180.0;12.0;30.0;0.0;4.0;222.0;True;True;Acima de 30 minutos;Até 15 minutos
Dúvidas Gerais;Fernanda Alves;Empresa Simulada;Cliente 003;202600000091;Portal;2026-02-24 13:32:00;2026-02-24 13:35:00;2026-02-24 13:32:00;00:03:00;00:12:00;00:00:00;00:03:00;00:00:00;Finalizado por inatividade;Misto;Normal;Receptivo;6;7;Recorrente;2026-02-24 13:47:00;2026;2;24;13;Tuesday;3.0;12.0;0.0;3.0;0.0;15.0;True;True;Até 5 minutos;Até 15 minutos
Atendimento Comercial;Não informado;Empresa Simulada;Cliente 007;202600000092;E-mail;2026-02-26 17:04:00;2026-02-26 17:05:00;2026-02-26 17:06:00;00:01:00;00:30:00;00:05:00;00:08:00;00:07:00;Em atendimento;Humano;Padrão;Ativo;4;2;Rechamada;;2026;2;26;17;Thursday;1.0;30.0;5.0;8.0;7.0;36.0;False;True;Até 5 minutos;De 16 a 60 minutos
Dúvidas Gerais;Fernanda Alves;Empresa Simulada;Cliente 001;202600000091;E-mail;2026-01-27 16:57:00;2026-01-27 17:02:00;2026-01-27 16:57:00;00:05:00;02:10:00;00:00:00;00:00:00;00:10:00;Finalizado;Misto;Urgente;Receptivo;0;0;Reincidente;2026-01-27 19:12:00;2026;1;27;16;Tuesday;5.0;130.0;0.0;0.0;10.0;135.0;True;True;Até 5 minutos;Acima de 60 minutos
Suporte Técnico;Diego Rocha;Empresa Simulada;Cliente 002;202600000092;Portal;2026-02-15 11:49:00;2026-02-15 13:09:00;2026-02-15 11:52:00;01:20:00;00:00:00;00:05:00;00:08:00;00:07:00;Em atendimento;Automático;Padrão;Receptivo;6;7;Reincidente;;2026;2;15;11;Sunday;80.0;0.0;5.0;8.0;7.0;85.0;False;True;Acima de 30 minutos;Até 15 minutos
Suporte Técnico;Fernanda Alves;Empresa Simulada;Cliente 005;202600000088;Whatsapp;2026-02-12 10:20:00;;2026-02-12 10:22:00;03:00:00;00:00:00;00:30:00;00:01:00;00:04:00;Aguardando atendimento;Automático;Normal;Receptivo;3;2;Reincidente;;2026;2;12;10;Thursday;180.0;0.0;30.0;1.0;4.0;210.0;False;True;Acima de 30 minutos;Até 15 minutos
Atendimento Comercial;Diego Rocha;Empresa Simulada;Cliente 005;202600000109;Portal;2026-01-29 17:26:00;2026-01-29 17:29:00;2026-01-29 17:27:00;00:03:00;00:35:00;00:20:00;00:01:00;00:00:00;Transferido;Automático;Padrão;Receptivo;7;3;Reincidente;2026-01-29 18:04:00;2026;1;29;17;Thursday;3.0;35.0;20.0;1.0;0.0;58.0;False;True;Até 5 minutos;De 16 a 60 minutos
Suporte Técnico;Gabriel Santos;Empresa Simulada;Cliente 003;202600000090;Portal;2026-01-08 08:18:00;2026-01-08 08:43:00;2026-01-08 08:21:00;00:25:00;00:05:00;00:30:00;00:00:00;00:04:00;Finalizado;Automático;Normal;Ativo;5;4;Recorrente;2026-01-08 08:48:00;2026;1;8;8;Thursday;25.0;5.0;30.0;0.0;4.0;60.0;True;True;De 6 a 30 minutos;Até 15 minutos
Suporte Técnico;Não informado;Empresa Simulada;Cliente 002;202600000104;E-mail;2026-02-22 16:17:00;2026-02-22 17:37:00;2026-02-22 16:17:00;01:20:00;00:08:00;00:05:00;00:01:00;00:02:00;Finalizado;Misto;Urgente;Ativo;0;2;Recorrente;2026-02-22 17:45:00;2026;2;22;16;Sunday;80.0;8.0;5.0;1.0;2.0;93.0;True;True;Acima de 30 minutos;Até 15 minutos
Suporte Técnico;Fernanda Alves;Empresa Simulada;Cliente 003;202600000111;Portal;2026-02-07 15:09:00;2026-02-07 16:29:00;2026-02-07 15:10:00;01:20:00;00:45:00;00:00:00;00:03:00;00:07:00;Finalizado;Misto;Urgente;Receptivo;5;1;Reincidente;2026-02-07 17:14:00;2026;2;7;15;Saturday;80.0;45.0;0.0;3.0;7.0;125.0;True;True;Acima de 30 minutos;De 16 a 60 minutos
Atendimento Comercial;Fernanda Alves;Empresa Simulada;Cliente 006;202600000104;Portal;2026-02-24 08:38:00;2026-02-24 09:03:00;2026-02-24 08:40:00;00:25:00;00:20:00;00:20:00;00:00:00;00:07:00;Finalizado por inatividade;Humano;Urgente;Ativo;3;0;Recorrente;2026-02-24 09:23:00;2026;2;24;8;Tuesday;25.0;20.0;20.0;0.0;7.0;65.0;True;True;De 6 a 30 minutos;De 16 a 60 minutos
Atendimento Comercial;Fernanda Alves;Empresa Simulada;Cliente 002;202600000091;Telefone;2026-01-14 14:44:00;2026-01-14 14:47:00;2026-01-14 14:47:00;00:03:00;01:30:00;00:30:00;00:08:00;00:10:00;Finalizado;Misto;Padrão;Ativo;7;5;Reincidente;2026-01-14 16:17:00;2026;1;14;14;Wednesday;3.0;90.0;30.0;8.0;10.0;123.0;True;True;Até 5 minutos;Acima de 60 minutos
Pós-venda;Carla Mendes;Empresa Simulada;Cliente 004;202600000097;Telefone;2026-02-13 15:12:00;2026-02-13 15:15:00;2026-02-13 15:14:00;00:03:00;00:05:00;00:00:00;00:01:00;00:10:00;Em atendimento;Misto;Urgente;Receptivo;6;5;Reincidente;;2026;2;13;15;Friday;3.0;5.0;0.0;1.0;10.0;8.0;False;True;Até 5 minutos;Até 15 minutos
Dúvidas Gerais;Carla Mendes;Empresa Simulada;Cliente 005;202600000098;Telefone;2026-01-07 12:45:00;2026-01-07 12:45:00;2026-01-07 12:47:00;00:00:00;00:10:00;00:20:00;00:03:00;00:00:00;Transferido;Humano;Normal;Ativo;0;3;Sem recorrência;2026-01-07 12:55:00;2026;1;7;12;Wednesday;0.0;10.0;20.0;3.0;0.0;30.0;False;False;Até 5 minutos;Até 15 minutos
Pós-venda;Diego Rocha;Empresa Simulada;Cliente 006;202600000106;E-mail;2026-01-11 14:21:00;2026-01-11 17:21:00;2026-01-11 14:24:00;03:00:00;00:12:00;00:00:00;00:05:00;00:00:00;Finalizado;Automático;Padrão;Ativo;0;2;Sem recorrência;2026-01-11 17:33:00;2026;1;11;14;Sunday;180.0;12.0;0.0;5.0;0.0;192.0;True;False;Acima de 30 minutos;Até 15 minutos
Dúvidas Gerais;Ana Souza;Empresa Simulada;Cliente 003;202600000112;Telefone;2026-02-27 14:50:00;2026-02-27 15:15:00;2026-02-27 14:51:00;00:25:00;00:30:00;00:00:00;00:00:00;00:02:00;Finalizado por inatividade;Automático;Urgente;Ativo;7;4;Reincidente;2026-02-27 15:45:00;2026;2;27;14;Friday;25.0;30.0;0.0;0.0;2.0;55.0;True;True;De 6 a 30 minutos;De 16 a 60 minutos
Atendimento Comercial;Bruno Lima;Empresa Simulada;Cliente 005;202600000116;Portal;2026-01-15 15:41:00;2026-01-15 15:46:00;2026-01-15 15:42:00;00:05:00;00:45:00;00:30:00;00:01:00;00:07:00;Finalizado;Automático;Urgente;Ativo;2;2;Rechamada;2026-01-15 16:31:00;2026;1;15;15;Thursday;5.0;45.0;30.0;1.0;7.0;80.0;True;True;Até 5 minutos;De 16 a 60 minutos
Dúvidas Gerais;Ana Souza;Empresa Simulada;Cliente 003;202600000119;Telefone;2026-01-05 12:24:00;;2026-01-05 12:27:00;00:03:00;00:00:00;00:00:00;00:01:00;00:07:00;Aguardando atendimento;Misto;Normal;Receptivo;2;6;Reincidente;;2026;1;5;12;Monday;3.0;0.0;0.0;1.0;7.0;3.0;False;True;Até 5 minutos;Até 15 minutos
Dúvidas Gerais;Carla Mendes;Empresa Simulada;Cliente 004;202600000111;Portal;2026-02-18 09:40:00;2026-02-18 09:45:00;2026-02-18 09:42:00;00:05:00;00:05:00;00:00:00;00:03:00;00:00:00;Em atendimento;Misto;Urgente;Ativo;7;5;Sem recorrência;;2026;2;18;9;Wednesday;5.0;5.0;0.0;3.0;0.0;10.0;False;False;Até 5 minutos;Até 15 minutos
Suporte SAC;Gabriel Santos;Empresa Simulada;Cliente 002;202600000112;Portal;2026-01-08 16:57:00;2026-01-08 17:42:00;2026-01-08 16:58:00;00:45:00;00:05:00;00:00:00;00:01:00;00:07:00;Em atendimento;Humano;Urgente;Ativo;6;7;Recorrente;;2026;1;8;16;Thursday;45.0;5.0;0.0;1.0;7.0;50.0;False;True;Acima de 30 minutos;Até 15 minutos
Suporte SAC;Diego Rocha;Empresa Simulada;Cliente 003;202600000101;Whatsapp;2026-02-17 12:46:00;2026-02-17 12:46:00;2026-02-17 12:49:00;00:00:00;00:05:00;00:20:00;00:00:00;00:07:00;Finalizado;Misto;Normal;Receptivo;6;2;Recorrente;2026-02-17 12:51:00;2026;2;17;12;Tuesday;0.0;5.0;20.0;0.0;7.0;25.0;True;True;Até 5 minutos;Até 15 minutos
Atendimento Comercial;Fernanda Alves;Empresa Simulada;Cliente 004;202600000103;E-mail;2026-01-28 14:28:00;2026-01-28 14:43:00;2026-01-28 14:31:00;00:15:00;02:10:00;00:00:00;00:08:00;00:02:00;Finalizado;Misto;Normal;Receptivo;6;6;Recorrente;2026-01-28 16:53:00;2026;1;28;14;Wednesday;15.0;130.0;0.0;8.0;2.0;145.0;True;True;De 6 a 30 minutos;Acima de 60 minutos
Suporte SAC;Ana Souza;Empresa Simulada;Cliente 005;202600000107;Whatsapp;2026-01-27 10:17:00;2026-01-27 10:20:00;2026-01-27 10:17:00;00:03:00;01:00:00;00:10:00;00:00:00;00:00:00;Finalizado;Automático;Urgente;Ativo;6;7;Rechamada;2026-01-27 11:20:00;2026;1;27;10;Tuesday;3.0;60.0;10.0;0.0;0.0;73.0;True;True;Até 5 minutos;De 16 a 60 minutos
Suporte Técnico;Bruno Lima;Empresa Simulada;Cliente 003;202600000128;E-mail;2026-02-22 08:08:00;2026-02-22 08:53:00;2026-02-22 08:10:00;00:45:00;00:45:00;00:10:00;00:05:00;00:10:00;Finalizado;Misto;Urgente;Receptivo;0;2;Recorrente;2026-02-22 09:38:00;2026;2;22;8;Sunday;45.0;45.0;10.0;5.0;10.0;100.0;True;True;Acima de 30 minutos;De 16 a 60 minutos
Atendimento Comercial;Carla Mendes;Empresa Simulada;Cliente 004;202600000116;E-mail;2026-02-09 15:03:00;;2026-02-09 15:06:00;00:10:00;00:00:00;00:00:00;00:08:00;00:04:00;Aguardando atendimento;Misto;Padrão;Ativo;7;0;Recorrente;;2026;2;9;15;Monday;10.0;0.0;0.0;8.0;4.0;10.0;False;True;De 6 a 30 minutos;Até 15 minutos
Suporte Técnico;Ana Souza;Empresa Simulada;Cliente 005;202600000131;E-mail;2026-02-09 16:08:00;2026-02-09 16:23:00;2026-02-09 16:09:00;00:15:00;00:45:00;00:20:00;00:00:00;00:04:00;Finalizado;Humano;Padrão;Ativo;1;3;Rechamada;2026-02-09 17:08:00;2026;2;9;16;Monday;15.0;45.0;20.0;0.0;4.0;80.0;True;True;De 6 a 30 minutos;De 16 a 60 minutos
Pós-venda;Bruno Lima;Empresa Simulada;Cliente 006;202600000108;E-mail;2026-02-04 11:55:00;2026-02-04 12:05:00;2026-02-04 11:57:00;00:10:00;00:05:00;00:00:00;00:00:00;00:10:00;Finalizado por inatividade;Automático;Normal;Receptivo;7;5;Reincidente;2026-02-04 12:10:00;2026;2;4;11;Wednesday;10.0;5.0;0.0;0.0;10.0;15.0;True;True;De 6 a 30 minutos;Até 15 minutos
Pós-venda;Ana Souza;Empresa Simulada;Cliente 005;202600000116;E-mail;2026-02-06 15:29:00;;2026-02-06 15:32:00;00:00:00;00:00:00;00:00:00;00:00:00;00:02:00;Aguardando atendimento;Misto;Normal;Receptivo;4;2;Rechamada;;2026;2;6;15;Friday;0.0;0.0;0.0;0.0;2.0;0.0;False;True;Até 5 minutos;Até 15 minutos
Pós-venda;Diego Rocha;Empresa Simulada;Cliente 002;202600000127;Telefone;2026-01-29 17:53:00;2026-01-29 17:56:00;2026-01-29 17:56:00;00:03:00;00:15:00;00:00:00;00:03:00;00:10:00;Em atendimento;Humano;Normal;Ativo;0;0;Sem recorrência;;2026;1;29;17;Thursday;3.0;15.0;0.0;3.0;10.0;18.0;False;False;Até 5 minutos;Até 15 minutos
Suporte Técnico;Ana Souza;Empresa Simulada;Cliente 005;202600000122;Portal;2026-02-22 08:26:00;2026-02-22 08:27:00;2026-02-22 08:27:00;00:01:00;00:12:00;00:00:00;00:00:00;00:07:00;Finalizado;Misto;Padrão;Receptivo;0;0;Reincidente;2026-02-22 08:39:00;2026;2;22;8;Sunday;1.0;12.0;0.0;0.0;7.0;13.0;True;True;Até 5 minutos;Até 15 minutos
Atendimento Comercial;Bruno Lima;Empresa Simulada;Cliente 005;202600000113;Telefone;2026-02-08 12:01:00;2026-02-08 12:46:00;2026-02-08 12:04:00;00:45:00;00:05:00;00:00:00;00:00:00;00:07:00;Transferido;Automático;Padrão;Receptivo;7;3;Reincidente;2026-02-08 12:51:00;2026;2;8;12;Sunday;45.0;5.0;0.0;0.0;7.0;50.0;False;True;Acima de 30 minutos;Até 15 minutos
Suporte SAC;Gabriel Santos;Empresa Simulada;Cliente 002;202600000111;Whatsapp;2026-02-17 09:41:00;2026-02-17 11:41:00;2026-02-17 09:41:00;02:00:00;01:00:00;00:05:00;00:05:00;00:04:00;Finalizado;Automático;Padrão;Ativo;0;3;Recorrente;2026-02-17 12:41:00;2026;2;17;9;Tuesday;120.0;60.0;5.0;5.0;4.0;185.0;True;True;Acima de 30 minutos;De 16 a 60 minutos
Suporte Técnico;Ana Souza;Empresa Simulada;Cliente 002;202600000140;E-mail;2026-01-22 08:59:00;2026-01-22 08:59:00;2026-01-22 09:01:00;00:00:00;00:35:00;00:20:00;00:00:00;00:00:00;Transferido;Misto;Padrão;Ativo;6;5;Rechamada;2026-01-22 09:34:00;2026;1;22;8;Thursday;0.0;35.0;20.0;0.0;0.0;55.0;False;True;Até 5 minutos;De 16 a 60 minutos
Dúvidas Gerais;Fernanda Alves;Empresa Simulada;Cliente 004;202600000131;Telefone;2026-02-24 09:32:00;2026-02-24 12:32:00;2026-02-24 09:34:00;03:00:00;01:00:00;00:00:00;00:00:00;00:02:00;Finalizado;Humano;Urgente;Ativo;5;6;Recorrente;2026-02-24 13:32:00;2026;2;24;9;Tuesday;180.0;60.0;0.0;0.0;2.0;240.0;True;True;Acima de 30 minutos;De 16 a 60 minutos
Pós-venda;Carla Mendes;Empresa Simulada;Cliente 003;202600000117;Whatsapp;2026-01-10 17:18:00;2026-01-10 17:21:00;2026-01-10 17:18:00;00:03:00;00:12:00;00:05:00;00:08:00;00:10:00;Finalizado;Humano;Normal;Receptivo;1;2;Recorrente;2026-01-10 17:33:00;2026;1;10;17;Saturday;3.0;12.0;5.0;8.0;10.0;20.0;True;True;Até 5 minutos;Até 15 minutos
Dúvidas Gerais;Não informado;Empresa Simulada;Cliente 003;202600000133;Portal;2026-02-02 16:35:00;2026-02-02 17:20:00;2026-02-02 16:38:00;00:45:00;00:08:00;00:00:00;00:05:00;00:00:00;Finalizado;Humano;Padrão;Ativo;2;6;Reincidente;2026-02-02 17:28:00;2026;2;2;16;Monday;45.0;8.0;0.0;5.0;0.0;53.0;True;True;Acima de 30 minutos;Até 15 minutos
Suporte SAC;Carla Mendes;Empresa Simulada;Cliente 003;202600000140;E-mail;2026-01-24 12:31:00;2026-01-24 12:32:00;2026-01-24 12:31:00;00:01:00;00:30:00;00:05:00;00:01:00;00:04:00;Finalizado;Misto;Urgente;Ativo;7;1;Sem recorrência;2026-01-24 13:02:00;2026;1;24;12;Saturday;1.0;30.0;5.0;1.0;4.0;36.0;True;False;Até 5 minutos;De 16 a 60 minutos
Dúvidas Gerais;Bruno Lima;Empresa Simulada;Cliente 003;202600000142;Telefone;2026-01-30 13:53:00;2026-01-30 15:13:00;2026-01-30 13:56:00;01:20:00;00:10:00;00:05:00;00:01:00;00:04:00;Transferido;Misto;Urgente;Ativo;6;5;Recorrente;2026-01-30 15:23:00;2026;1;30;13;Friday;80.0;10.0;5.0;1.0;4.0;95.0;False;True;Acima de 30 minutos;Até 15 minutos
Dúvidas Gerais;Fernanda Alves;Empresa Simulada;Cliente 002;202600000123;Whatsapp;2026-02-10 11:20:00;2026-02-10 11:35:00;2026-02-10 11:22:00;00:15:00;00:20:00;00:00:00;00:00:00;00:07:00;Transferido;Misto;Padrão;Receptivo;1;6;Rechamada;2026-02-10 11:55:00;2026;2;10;11;Tuesday;15.0;20.0;0.0;0.0;7.0;35.0;False;True;De 6 a 30 minutos;De 16 a 60 minutos
Dúvidas Gerais;Diego Rocha;Empresa Simulada;Cliente 005;202600000132;Portal;2026-02-14 12:15:00;;2026-02-14 12:16:00;00:05:00;00:00:00;00:30:00;00:03:00;00:00:00;Aguardando atendimento;Misto;Urgente;Ativo;5;1;Reincidente;;2026;2;14;12;Saturday;5.0;0.0;30.0;3.0;0.0;35.0;False;True;Até 5 minutos;Até 15 minutos
Suporte SAC;Carla Mendes;Empresa Simulada;Cliente 002;202600000119;E-mail;2026-01-15 17:02:00;2026-01-15 18:22:00;2026-01-15 17:05:00;01:20:00;00:45:00;00:30:00;00:03:00;00:00:00;Finalizado por inatividade;Automático;Padrão;Ativo;5;0;Reincidente;2026-01-15 19:07:00;2026;1;15;17;Thursday;80.0;45.0;30.0;3.0;0.0;155.0;True;True;Acima de 30 minutos;De 16 a 60 minutos
Suporte Técnico;Diego Rocha;Empresa Simulada;Cliente 001;202600000135;Portal;2026-01-31 09:07:00;2026-01-31 12:07:00;2026-01-31 09:08:00;03:00:00;00:45:00;00:05:00;00:00:00;00:07:00;Finalizado;Misto;Urgente;Receptivo;0;1;Sem recorrência;2026-01-31 12:52:00;2026;1;31;9;Saturday;180.0;45.0;5.0;0.0;7.0;230.0;True;False;Acima de 30 minutos;De 16 a 60 minutos
Pós-venda;Bruno Lima;Empresa Simulada;Cliente 007;202600000134;Portal;2026-02-17 10:59:00;2026-02-17 13:59:00;2026-02-17 11:00:00;03:00:00;02:10:00;00:00:00;00:01:00;00:07:00;Finalizado;Misto;Normal;Ativo;3;7;Recorrente;2026-02-17 16:09:00;2026;2;17;10;Tuesday;180.0;130.0;0.0;1.0;7.0;310.0;True;True;Acima de 30 minutos;Acima de 60 minutos
Pós-venda;Ana Souza;Empresa Simulada;Cliente 003;202600000128;Portal;2026-01-05 11:13:00;2026-01-05 11:18:00;2026-01-05 11:13:00;00:05:00;00:50:00;00:00:00;00:01:00;00:02:00;Em atendimento;Misto;Urgente;Receptivo;1;5;Rechamada;;2026;1;5;11;Monday;5.0;50.0;0.0;1.0;2.0;55.0;False;True;Até 5 minutos;De 16 a 60 minutos
Suporte SAC;Bruno Lima;Empresa Simulada;Cliente 003;202600000132;E-mail;2026-02-26 12:58:00;;2026-02-26 12:58:00;01:20:00;00:00:00;00:00:00;00:00:00;00:00:00;Aguardando atendimento;Misto;Padrão;Receptivo;6;2;Rechamada;;2026;2;26;12;Thursday;80.0;0.0;0.0;0.0;0.0;80.0;False;True;Acima de 30 minutos;Até 15 minutos
Pós-venda;Bruno Lima;Empresa Simulada;Cliente 002;202600000124;Portal;2026-02-09 10:31:00;2026-02-09 10:36:00;2026-02-09 10:32:00;00:05:00;01:30:00;00:10:00;00:00:00;00:02:00;Finalizado;Misto;Urgente;Receptivo;6;7;Sem recorrência;2026-02-09 12:06:00;2026;2;9;10;Monday;5.0;90.0;10.0;0.0;2.0;105.0;True;False;Até 5 minutos;Acima de 60 minutos
Pós-venda;Fernanda Alves;Empresa Simulada;Cliente 006;202600000149;Portal;2026-02-10 08:50:00;2026-02-10 08:53:00;2026-02-10 08:52:00;00:03:00;00:20:00;00:10:00;00:01:00;00:00:00;Finalizado;Misto;Urgente;Receptivo;5;0;Recorrente;2026-02-10 09:13:00;2026;2;10;8;Tuesday;3.0;20.0;10.0;1.0;0.0;33.0;True;True;Até 5 minutos;De 16 a 60 minutos
Suporte SAC;Diego Rocha;Empresa Simulada;Cliente 007;202600000153;Whatsapp;2026-02-08 11:27:00;2026-02-08 11:27:00;2026-02-08 11:28:00;00:00:00;00:05:00;00:05:00;00:01:00;00:02:00;Finalizado;Humano;Normal;Receptivo;6;2;Rechamada;2026-02-08 11:32:00;2026;2;8;11;Sunday;0.0;5.0;5.0;1.0;2.0;10.0;True;True;Até 5 minutos;Até 15 minutos
Suporte Técnico;Fernanda Alves;Empresa Simulada;Cliente 003;202600000136;Whatsapp;2026-02-26 11:51:00;2026-02-26 11:51:00;2026-02-26 11:53:00;00:00:00;02:10:00;00:00:00;00:01:00;00:10:00;Finalizado;Humano;Padrão;Ativo;2;3;Reincidente;2026-02-26 14:01:00;2026;2;26;11;Thursday;0.0;130.0;0.0;1.0;10.0;130.0;True;True;Até 5 minutos;Acima de 60 minutos
Suporte SAC;Gabriel Santos;Empresa Simulada;Cliente 007;202600000142;Whatsapp;2026-02-27 11:48:00;2026-02-27 13:48:00;2026-02-27 11:51:00;02:00:00;00:30:00;00:20:00;00:03:00;00:04:00;Finalizado;Automático;Urgente;Receptivo;7;7;Sem recorrência;2026-02-27 14:18:00;2026;2;27;11;Friday;120.0;30.0;20.0;3.0;4.0;170.0;True;False;Acima de 30 minutos;De 16 a 60 minutos
Atendimento Comercial;Diego Rocha;Empresa Simulada;Cliente 003;202600000155;Telefone;2026-03-01 09:46:00;2026-03-01 10:11:00;2026-03-01 09:48:00;00:25:00;00:35:00;00:05:00;00:00:00;00:04:00;Transferido;Automático;Padrão;Receptivo;5;0;Recorrente;2026-03-01 10:46:00;2026;3;1;9;Sunday;25.0;35.0;5.0;0.0;4.0;65.0;False;True;De 6 a 30 minutos;De 16 a 60 minutos
Suporte Técnico;Bruno Lima;Empresa Simulada;Cliente 007;202600000158;Telefone;2026-01-06 09:59:00;2026-01-06 10:00:00;2026-01-06 10:02:00;00:01:00;01:00:00;00:00:00;00:08:00;00:00:00;Finalizado;Humano;Urgente;Receptivo;2;0;Reincidente;2026-01-06 11:00:00;2026;1;6;9;Tuesday;1.0;60.0;0.0;8.0;0.0;61.0;True;True;Até 5 minutos;De 16 a 60 minutos
Atendimento Comercial;Fernanda Alves;Empresa Simulada;Cliente 002;202600000133;Portal;2026-02-20 11:27:00;;2026-02-20 11:27:00;02:00:00;00:00:00;00:00:00;00:00:00;00:04:00;Aguardando atendimento;Humano;Normal;Receptivo;2;7;Recorrente;;2026;2;20;11;Friday;120.0;0.0;0.0;0.0;4.0;120.0;False;True;Acima de 30 minutos;Até 15 minutos
Atendimento Comercial;Ana Souza;Empresa Simulada;Cliente 005;202600000153;Whatsapp;2026-01-10 09:06:00;2026-01-10 09:16:00;2026-01-10 09:08:00;00:10:00;00:05:00;00:05:00;00:00:00;00:10:00;Transferido;Misto;Urgente;Ativo;2;6;Recorrente;2026-01-10 09:21:00;2026;1;10;9;Saturday;10.0;5.0;5.0;0.0;10.0;20.0;False;True;De 6 a 30 minutos;Até 15 minutos
Pós-venda;Carla Mendes;Empresa Simulada;Cliente 007;202600000144;E-mail;2026-03-01 11:05:00;;2026-03-01 11:06:00;00:00:00;00:00:00;00:10:00;00:08:00;00:04:00;Aguardando atendimento;Humano;Padrão;Receptivo;0;4;Rechamada;;2026;3;1;11;Sunday;0.0;0.0;10.0;8.0;4.0;10.0;False;True;Até 5 minutos;Até 15 minutos
Suporte SAC;Bruno Lima;Empresa Simulada;Cliente 004;202600000146;Whatsapp;2026-02-21 14:18:00;;2026-02-21 14:18:00;02:00:00;00:00:00;00:30:00;00:00:00;00:04:00;Aguardando atendimento;Misto;Normal;Receptivo;6;5;Rechamada;;2026;2;21;14;Saturday;120.0;0.0;30.0;0.0;4.0;150.0;False;True;Acima de 30 minutos;Até 15 minutos
Suporte SAC;Não informado;Empresa Simulada;Cliente 004;202600000164;Telefone;2026-02-22 15:49:00;2026-02-22 15:49:00;2026-02-22 15:49:00;00:00:00;00:00:00;00:00:00;00:00:00;00:00:00;Em atendimento;Misto;Urgente;Receptivo;1;2;Reincidente;;2026;2;22;15;Sunday;0.0;0.0;0.0;0.0;0.0;0.0;False;True;Até 5 minutos;Até 15 minutos
Suporte SAC;Carla Mendes;Empresa Simulada;Cliente 006;202600000157;Portal;2026-01-10 16:58:00;2026-01-10 17:01:00;2026-01-10 16:59:00;00:03:00;01:00:00;00:10:00;00:08:00;00:10:00;Finalizado;Misto;Normal;Receptivo;1;7;Sem recorrência;2026-01-10 18:01:00;2026;1;10;16;Saturday;3.0;60.0;10.0;8.0;10.0;73.0;True;False;Até 5 minutos;De 16 a 60 minutos
Dúvidas Gerais;Não informado;Empresa Simulada;Cliente 007;202600000153;Telefone;2026-01-24 10:07:00;;2026-01-24 10:08:00;00:00:00;00:00:00;00:00:00;00:03:00;00:02:00;Aguardando atendimento;Humano;Padrão;Ativo;0;5;Sem recorrência;;2026;1;24;10;Saturday;0.0;0.0;0.0;3.0;2.0;0.0;False;False;Até 5 minutos;Até 15 minutos
Suporte Técnico;Bruno Lima;Empresa Simulada;Cliente 003;202600000143;Whatsapp;2026-01-21 17:40:00;2026-01-21 17:40:00;2026-01-21 17:43:00;00:00:00;00:45:00;00:00:00;00:03:00;00:07:00;Finalizado;Misto;Urgente;Ativo;0;0;Recorrente;2026-01-21 18:25:00;2026;1;21;17;Wednesday;0.0;45.0;0.0;3.0;7.0;45.0;True;True;Até 5 minutos;De 16 a 60 minutos
Pós-venda;Bruno Lima;Empresa Simulada;Cliente 003;202600000159;E-mail;2026-01-28 14:58:00;2026-01-28 14:59:00;2026-01-28 14:59:00;00:01:00;00:05:00;00:10:00;00:08:00;00:10:00;Finalizado por inatividade;Automático;Urgente;Receptivo;1;0;Sem recorrência;2026-01-28 15:04:00;2026;1;28;14;Wednesday;1.0;5.0;10.0;8.0;10.0;16.0;True;False;Até 5 minutos;Até 15 minutos
Pós-venda;Ana Souza;Empresa Simulada;Cliente 003;202600000157;E-mail;2026-01-30 09:56:00;;2026-01-30 09:58:00;00:25:00;00:00:00;00:00:00;00:01:00;00:00:00;Aguardando atendimento;Automático;Urgente;Receptivo;5;7;Rechamada;;2026;1;30;9;Friday;25.0;0.0;0.0;1.0;0.0;25.0;False;True;De 6 a 30 minutos;Até 15 minutos
Suporte SAC;Não informado;Empresa Simulada;Cliente 006;202600000151;Portal;2026-01-14 08:59:00;2026-01-14 09:14:00;2026-01-14 08:59:00;00:15:00;00:45:00;00:20:00;00:08:00;00:00:00;Finalizado;Misto;Urgente;Ativo;6;7;Reincidente;2026-01-14 09:59:00;2026;1;14;8;Wednesday;15.0;45.0;20.0;8.0;0.0;80.0;True;True;De 6 a 30 minutos;De 16 a 60 minutos
Dúvidas Gerais;Ana Souza;Empresa Simulada;Cliente 005;202600000144;E-mail;2026-01-10 08:58:00;;2026-01-10 09:01:00;00:03:00;00:00:00;00:00:00;00:03:00;00:10:00;Aguardando atendimento;Misto;Padrão;Ativo;6;2;Reincidente;;2026;1;10;8;Saturday;3.0;0.0;0.0;3.0;10.0;3.0;False;True;Até 5 minutos;Até 15 minutos
Dúvidas Gerais;Ana Souza;Empresa Simulada;Cliente 002;202600000147;Whatsapp;2026-02-28 13:59:00;2026-02-28 14:14:00;2026-02-28 14:01:00;00:15:00;00:30:00;00:00:00;00:00:00;00:00:00;Finalizado;Humano;Padrão;Ativo;5;3;Recorrente;2026-02-28 14:44:00;2026;2;28;13;Saturday;15.0;30.0;0.0;0.0;0.0;45.0;True;True;De 6 a 30 minutos;De 16 a 60 minutos
Suporte SAC;Gabriel Santos;Empresa Simulada;Cliente 002;202600000148;Telefone;2026-01-21 09:05:00;2026-01-21 09:06:00;2026-01-21 09:07:00;00:01:00;00:35:00;00:00:00;00:00:00;00:02:00;Transferido;Automático;Urgente;Ativo;0;6;Rechamada;2026-01-21 09:41:00;2026;1;21;9;Wednesday;1.0;35.0;0.0;0.0;2.0;36.0;False;True;Até 5 minutos;De 16 a 60 minutos
Suporte SAC;Fernanda Alves;Empresa Simulada;Cliente 005;202600000156;Telefone;2026-01-11 15:06:00;2026-01-11 15:07:00;2026-01-11 15:06:00;00:01:00;00:20:00;00:00:00;00:00:00;00:04:00;Finalizado;Humano;Normal;Receptivo;2;1;Sem recorrência;2026-01-11 15:27:00;2026;1;11;15;Sunday;1.0;20.0;0.0;0.0;4.0;21.0;True;False;Até 5 minutos;De 16 a 60 minutos
Pós-venda;Bruno Lima;Empresa Simulada;Cliente 003;202600000167;E-mail;2026-02-03 08:10:00;2026-02-03 09:30:00;2026-02-03 08:13:00;01:20:00;00:20:00;00:05:00;00:00:00;00:04:00;Transferido;Humano;Padrão;Ativo;3;4;Recorrente;2026-02-03 09:50:00;2026;2;3;8;Tuesday;80.0;20.0;5.0;0.0;4.0;105.0;False;True;Acima de 30 minutos;De 16 a 60 minutos
Suporte SAC;Diego Rocha;Empresa Simulada;Cliente 007;202600000172;Telefone;2026-01-08 09:17:00;2026-01-08 09:32:00;2026-01-08 09:18:00;00:15:00;02:10:00;00:00:00;00:08:00;00:07:00;Finalizado;Automático;Urgente;Receptivo;6;4;Reincidente;2026-01-08 11:42:00;2026;1;8;9;Thursday;15.0;130.0;0.0;8.0;7.0;145.0;True;True;De 6 a 30 minutos;Acima de 60 minutos
Atendimento Comercial;Ana Souza;Empresa Simulada;Cliente 002;202600000155;E-mail;2026-02-12 11:01:00;2026-02-12 11:06:00;2026-02-12 11:01:00;00:05:00;00:20:00;00:10:00;00:01:00;00:07:00;Transferido;Automático;Urgente;Receptivo;5;2;Reincidente;2026-02-12 11:26:00;2026;2;12;11;Thursday;5.0;20.0;10.0;1.0;7.0;35.0;False;True;Até 5 minutos;De 16 a 60 minutos
Dúvidas Gerais;Bruno Lima;Empresa Simulada;Cliente 007;202600000153;Portal;2026-02-25 13:58:00;;2026-02-25 13:58:00;01:20:00;00:00:00;00:00:00;00:05:00;00:07:00;Aguardando atendimento;Misto;Padrão;Ativo;0;3;Sem recorrência;;2026;2;25;13;Wednesday;80.0;0.0;0.0;5.0;7.0;80.0;False;False;Acima de 30 minutos;Até 15 minutos
Suporte SAC;Bruno Lima;Empresa Simulada;Cliente 005;202600000151;E-mail;2026-02-07 15:00:00;2026-02-07 15:10:00;2026-02-07 15:01:00;00:10:00;00:10:00;00:20:00;00:00:00;00:02:00;Transferido;Humano;Urgente;Receptivo;1;5;Rechamada;2026-02-07 15:20:00;2026;2;7;15;Saturday;10.0;10.0;20.0;0.0;2.0;40.0;False;True;De 6 a 30 minutos;Até 15 minutos
Dúvidas Gerais;Não informado;Empresa Simulada;Cliente 003;202600000179;E-mail;2026-01-15 14:50:00;2026-01-15 16:50:00;2026-01-15 14:53:00;02:00:00;00:05:00;00:20:00;00:05:00;00:10:00;Em atendimento;Misto;Urgente;Receptivo;2;2;Recorrente;;2026;1;15;14;Thursday;120.0;5.0;20.0;5.0;10.0;145.0;False;True;Acima de 30 minutos;Até 15 minutos
Pós-venda;Bruno Lima;Empresa Simulada;Cliente 003;202600000155;Whatsapp;2026-02-28 17:02:00;2026-02-28 17:03:00;2026-02-28 17:04:00;00:01:00;00:35:00;00:00:00;00:08:00;00:07:00;Transferido;Humano;Padrão;Ativo;5;7;Rechamada;2026-02-28 17:38:00;2026;2;28;17;Saturday;1.0;35.0;0.0;8.0;7.0;36.0;False;True;Até 5 minutos;De 16 a 60 minutos
Pós-venda;Bruno Lima;Empresa Simulada;Cliente 004;202600000176;Portal;2026-01-20 09:22:00;;2026-01-20 09:22:00;00:05:00;00:00:00;00:00:00;00:03:00;00:04:00;Aguardando atendimento;Automático;Padrão;Receptivo;3;2;Sem recorrência;;2026;1;20;9;Tuesday;5.0;0.0;0.0;3.0;4.0;5.0;False;False;Até 5 minutos;Até 15 minutos
Dúvidas Gerais;Ana Souza;Empresa Simulada;Cliente 003;202600000156;Portal;2026-01-23 08:20:00;2026-01-23 08:25:00;2026-01-23 08:20:00;00:05:00;00:12:00;00:05:00;00:00:00;00:10:00;Finalizado;Misto;Normal;Receptivo;2;0;Rechamada;2026-01-23 08:37:00;2026;1;23;8;Friday;5.0;12.0;5.0;0.0;10.0;22.0;True;True;Até 5 minutos;Até 15 minutos
Dúvidas Gerais;Fernanda Alves;Empresa Simulada;Cliente 007;202600000167;Portal;2026-01-17 14:44:00;2026-01-17 15:29:00;2026-01-17 14:46:00;00:45:00;00:15:00;00:00:00;00:00:00;00:00:00;Em atendimento;Humano;Normal;Ativo;4;7;Sem recorrência;;2026;1;17;14;Saturday;45.0;15.0;0.0;0.0;0.0;60.0;False;False;Acima de 30 minutos;Até 15 minutos
Suporte Técnico;Ana Souza;Empresa Simulada;Cliente 006;202600000171;Portal;2026-01-18 10:40:00;2026-01-18 10:45:00;2026-01-18 10:40:00;00:05:00;00:08:00;00:00:00;00:03:00;00:04:00;Finalizado;Humano;Padrão;Receptivo;0;4;Reincidente;2026-01-18 10:53:00;2026;1;18;10;Sunday;5.0;8.0;0.0;3.0;4.0;13.0;True;True;Até 5 minutos;Até 15 minutos
Suporte Técnico;Não informado;Empresa Simulada;Cliente 005;202600000178;Portal;2026-01-19 12:36:00;;2026-01-19 12:37:00;00:00:00;00:00:00;00:20:00;00:00:00;00:00:00;Aguardando atendimento;Misto;Normal;Receptivo;7;3;Sem recorrência;;2026;1;19;12;Monday;0.0;0.0;20.0;0.0;0.0;20.0;False;False;Até 5 minutos;Até 15 minutos
Atendimento Comercial;Bruno Lima;Empresa Simulada;Cliente 001;202600000183;Portal;2026-01-30 08:32:00;2026-01-30 09:52:00;2026-01-30 08:33:00;01:20:00;01:30:00;00:00:00;00:00:00;00:00:00;Finalizado;Humano;Urgente;Ativo;4;5;Sem recorrência;2026-01-30 11:22:00;2026;1;30;8;Friday;80.0;90.0;0.0;0.0;0.0;170.0;True;False;Acima de 30 minutos;Acima de 60 minutos
Dúvidas Gerais;Fernanda Alves;Empresa Simulada;Cliente 007;202600000178;Portal;2026-01-29 16:25:00;2026-01-29 17:10:00;2026-01-29 16:27:00;00:45:00;00:35:00;00:05:00;00:00:00;00:10:00;Transferido;Humano;Padrão;Ativo;1;1;Reincidente;2026-01-29 17:45:00;2026;1;29;16;Thursday;45.0;35.0;5.0;0.0;10.0;85.0;False;True;Acima de 30 minutos;De 16 a 60 minutos
Atendimento Comercial;Fernanda Alves;Empresa Simulada;Cliente 005;202600000172;Portal;2026-01-31 12:24:00;2026-01-31 14:24:00;2026-01-31 12:27:00;02:00:00;00:30:00;00:00:00;00:00:00;00:02:00;Em atendimento;Humano;Padrão;Receptivo;4;5;Reincidente;;2026;1;31;12;Saturday;120.0;30.0;0.0;0.0;2.0;150.0;False;True;Acima de 30 minutos;De 16 a 60 minutos
Suporte Técnico;Carla Mendes;Empresa Simulada;Cliente 006;202600000175;Portal;2026-01-24 12:53:00;2026-01-24 13:18:00;2026-01-24 12:53:00;00:25:00;00:20:00;00:00:00;00:01:00;00:10:00;Finalizado por inatividade;Misto;Urgente;Ativo;6;7;Reincidente;2026-01-24 13:38:00;2026;1;24;12;Saturday;25.0;20.0;0.0;1.0;10.0;45.0;True;True;De 6 a 30 minutos;De 16 a 60 minutos
Dúvidas Gerais;Ana Souza;Empresa Simulada;Cliente 002;202600000190;E-mail;2026-02-26 08:32:00;2026-02-26 08:33:00;2026-02-26 08:32:00;00:01:00;02:10:00;00:05:00;00:00:00;00:07:00;Finalizado;Humano;Normal;Ativo;5;3;Recorrente;2026-02-26 10:43:00;2026;2;26;8;Thursday;1.0;130.0;5.0;0.0;7.0;136.0;True;True;Até 5 minutos;Acima de 60 minutos
Pós-venda;Fernanda Alves;Empresa Simulada;Cliente 005;202600000190;Telefone;2026-02-06 14:40:00;2026-02-06 14:40:00;2026-02-06 14:40:00;00:00:00;01:30:00;00:10:00;00:03:00;00:00:00;Finalizado;Automático;Normal;Ativo;6;0;Rechamada;2026-02-06 16:10:00;2026;2;6;14;Friday;0.0;90.0;10.0;3.0;0.0;100.0;True;True;Até 5 minutos;Acima de 60 minutos
Pós-venda;Bruno Lima;Empresa Simulada;Cliente 006;202600000164;E-mail;2026-02-28 11:41:00;2026-02-28 11:44:00;2026-02-28 11:42:00;00:03:00;01:00:00;00:10:00;00:00:00;00:10:00;Finalizado;Misto;Normal;Receptivo;4;6;Recorrente;2026-02-28 12:44:00;2026;2;28;11;Saturday;3.0;60.0;10.0;0.0;10.0;73.0;True;True;Até 5 minutos;De 16 a 60 minutos
Dúvidas Gerais;Fernanda Alves;Empresa Simulada;Cliente 003;202600000182;Telefone;2026-01-21 11:29:00;2026-01-21 11:34:00;2026-01-21 11:32:00;00:05:00;00:00:00;00:10:00;00:08:00;00:02:00;Em atendimento;Misto;Normal;Receptivo;5;4;Reincidente;;2026;1;21;11;Wednesday;5.0;0.0;10.0;8.0;2.0;15.0;False;True;Até 5 minutos;Até 15 minutos
Atendimento Comercial;Gabriel Santos;Empresa Simulada;Cliente 001;202600000187;Portal;2026-01-17 10:33:00;2026-01-17 10:36:00;2026-01-17 10:33:00;00:03:00;00:35:00;00:05:00;00:08:00;00:02:00;Transferido;Automático;Padrão;Ativo;3;5;Rechamada;2026-01-17 11:11:00;2026;1;17;10;Saturday;3.0;35.0;5.0;8.0;2.0;43.0;False;True;Até 5 minutos;De 16 a 60 minutos
Suporte Técnico;Ana Souza;Empresa Simulada;Cliente 004;202600000172;E-mail;2026-02-17 16:40:00;2026-02-17 17:05:00;2026-02-17 16:42:00;00:25:00;00:12:00;00:30:00;00:08:00;00:07:00;Finalizado;Misto;Padrão;Receptivo;1;3;Reincidente;2026-02-17 17:17:00;2026;2;17;16;Tuesday;25.0;12.0;30.0;8.0;7.0;67.0;True;True;De 6 a 30 minutos;Até 15 minutos
Dúvidas Gerais;Fernanda Alves;Empresa Simulada;Cliente 001;202600000186;Portal;2026-01-31 13:23:00;2026-01-31 13:28:00;2026-01-31 13:25:00;00:05:00;00:08:00;00:05:00;00:00:00;00:10:00;Finalizado;Humano;Urgente;Receptivo;6;0;Rechamada;2026-01-31 13:36:00;2026;1;31;13;Saturday;5.0;8.0;5.0;0.0;10.0;18.0;True;True;Até 5 minutos;Até 15 minutos
Atendimento Comercial;Carla Mendes;Empresa Simulada;Cliente 006;202600000179;Whatsapp;2026-01-26 14:36:00;2026-01-26 15:01:00;2026-01-26 14:37:00;00:25:00;00:12:00;00:30:00;00:00:00;00:04:00;Finalizado;Humano;Padrão;Ativo;7;1;Recorrente;2026-01-26 15:13:00;2026;1;26;14;Monday;25.0;12.0;30.0;0.0;4.0;67.0;True;True;De 6 a 30 minutos;Até 15 minutos
Suporte SAC;Carla Mendes;Empresa Simulada;Cliente 007;202600000181;E-mail;2026-02-14 14:25:00;2026-02-14 14:40:00;2026-02-14 14:28:00;00:15:00;00:05:00;00:10:00;00:00:00;00:10:00;Finalizado;Humano;Urgente;Receptivo;4;2;Reincidente;2026-02-14 14:45:00;2026;2;14;14;Saturday;15.0;5.0;10.0;0.0;10.0;30.0;True;True;De 6 a 30 minutos;Até 15 minutos
Suporte Técnico;Diego Rocha;Empresa Simulada;Cliente 006;202600000187;E-mail;2026-01-15 09:52:00;2026-01-15 09:52:00;2026-01-15 09:54:00;00:00:00;01:30:00;00:20:00;00:05:00;00:07:00;Finalizado por inatividade;Automático;Padrão;Receptivo;0;3;Rechamada;2026-01-15 11:22:00;2026;1;15;9;Thursday;0.0;90.0;20.0;5.0;7.0;110.0;True;True;Até 5 minutos;Acima de 60 minutos
Dúvidas Gerais;Fernanda Alves;Empresa Simulada;Cliente 001;202600000196;Whatsapp;2026-01-18 08:37:00;2026-01-18 09:22:00;2026-01-18 08:38:00;00:45:00;00:05:00;00:05:00;00:08:00;00:02:00;Finalizado;Misto;Normal;Ativo;6;7;Reincidente;2026-01-18 09:27:00;2026;1;18;8;Sunday;45.0;5.0;5.0;8.0;2.0;55.0;True;True;Acima de 30 minutos;Até 15 minutos
Dúvidas Gerais;Gabriel Santos;Empresa Simulada;Cliente 002;202600000192;Portal;2026-02-04 10:13:00;2026-02-04 13:13:00;2026-02-04 10:13:00;03:00:00;00:08:00;00:20:00;00:05:00;00:02:00;Finalizado;Humano;Urgente;Receptivo;1;1;Rechamada;2026-02-04 13:21:00;2026;2;4;10;Wednesday;180.0;8.0;20.0;5.0;2.0;208.0;True;True;Acima de 30 minutos;Até 15 minutos
Pós-venda;Bruno Lima;Empresa Simulada;Cliente 006;202600000191;Portal;2026-02-23 12:53:00;2026-02-23 13:38:00;2026-02-23 12:54:00;00:45:00;01:00:00;00:00:00;00:00:00;00:00:00;Finalizado;Automático;Normal;Ativo;1;7;Sem recorrência;2026-02-23 14:38:00;2026;2;23;12;Monday;45.0;60.0;0.0;0.0;0.0;105.0;True;False;Acima de 30 minutos;De 16 a 60 minutos
Atendimento Comercial;Não informado;Empresa Simulada;Cliente 001;202600000178;Telefone;2026-02-20 09:57:00;2026-02-20 10:02:00;2026-02-20 09:58:00;00:05:00;00:30:00;00:00:00;00:03:00;00:00:00;Finalizado;Automático;Urgente;Ativo;1;0;Rechamada;2026-02-20 10:32:00;2026;2;20;9;Friday;5.0;30.0;0.0;3.0;0.0;35.0;True;True;Até 5 minutos;De 16 a 60 minutos
Pós-venda;Diego Rocha;Empresa Simulada;Cliente 004;202600000179;Telefone;2026-01-26 13:57:00;2026-01-26 14:22:00;2026-01-26 13:59:00;00:25:00;00:02:00;00:00:00;00:01:00;00:00:00;Transferido;Automático;Urgente;Ativo;1;2;Sem recorrência;2026-01-26 14:24:00;2026;1;26;13;Monday;25.0;2.0;0.0;1.0;0.0;27.0;False;False;De 6 a 30 minutos;Até 15 minutos
Suporte Técnico;Fernanda Alves;Empresa Simulada;Cliente 001;202600000201;E-mail;2026-02-28 10:06:00;2026-02-28 10:21:00;2026-02-28 10:09:00;00:15:00;00:20:00;00:00:00;00:05:00;00:04:00;Transferido;Automático;Padrão;Ativo;1;4;Sem recorrência;2026-02-28 10:41:00;2026;2;28;10;Saturday;15.0;20.0;0.0;5.0;4.0;35.0;False;False;De 6 a 30 minutos;De 16 a 60 minutos
Dúvidas Gerais;Ana Souza;Empresa Simulada;Cliente 004;202600000200;E-mail;2026-02-19 16:49:00;2026-02-19 19:49:00;2026-02-19 16:50:00;03:00:00;00:45:00;00:10:00;00:05:00;00:10:00;Finalizado por inatividade;Automático;Padrão;Ativo;0;2;Recorrente;2026-02-19 20:34:00;2026;2;19;16;Thursday;180.0;45.0;10.0;5.0;10.0;235.0;True;True;Acima de 30 minutos;De 16 a 60 minutos
Pós-venda;Diego Rocha;Empresa Simulada;Cliente 007;202600000196;E-mail;2026-03-01 10:04:00;2026-03-01 10:29:00;2026-03-01 10:06:00;00:25:00;00:30:00;00:00:00;00:05:00;00:00:00;Finalizado;Humano;Padrão;Ativo;7;7;Recorrente;2026-03-01 10:59:00;2026;3;1;10;Sunday;25.0;30.0;0.0;5.0;0.0;55.0;True;True;De 6 a 30 minutos;De 16 a 60 minutos
Suporte Técnico;Fernanda Alves;Empresa Simulada;Cliente 005;202600000199;E-mail;2026-02-21 08:06:00;2026-02-21 08:21:00;2026-02-21 08:09:00;00:15:00;02:10:00;00:00:00;00:00:00;00:07:00;Finalizado;Misto;Urgente;Ativo;3;7;Recorrente;2026-02-21 10:31:00;2026;2;21;8;Saturday;15.0;130.0;0.0;0.0;7.0;145.0;True;True;De 6 a 30 minutos;Acima de 60 minutos
Suporte Técnico;Fernanda Alves;Empresa Simulada;Cliente 005;202600000207;Telefone;2026-02-19 13:45:00;2026-02-19 14:10:00;2026-02-19 13:45:00;00:25:00;00:20:00;00:00:00;00:01:00;00:02:00;Finalizado;Misto;Normal;Ativo;6;1;Rechamada;2026-02-19 14:30:00;2026;2;19;13;Thursday;25.0;20.0;0.0;1.0;2.0;45.0;True;True;De 6 a 30 minutos;De 16 a 60 minutos
Pós-venda;Ana Souza;Empresa Simulada;Cliente 006;202600000206;Whatsapp;2026-01-17 09:59:00;2026-01-17 10:14:00;2026-01-17 10:00:00;00:15:00;00:20:00;00:20:00;00:01:00;00:00:00;Finalizado;Automático;Padrão;Ativo;7;0;Sem recorrência;2026-01-17 10:34:00;2026;1;17;9;Saturday;15.0;20.0;20.0;1.0;0.0;55.0;True;False;De 6 a 30 minutos;De 16 a 60 minutos
Atendimento Comercial;Ana Souza;Empresa Simulada;Cliente 004;202600000206;Telefone;2026-02-09 14:53:00;2026-02-09 16:13:00;2026-02-09 14:56:00;01:20:00;00:05:00;00:20:00;00:05:00;00:00:00;Transferido;Misto;Padrão;Ativo;4;6;Recorrente;2026-02-09 16:18:00;2026;2;9;14;Monday;80.0;5.0;20.0;5.0;0.0;105.0;False;True;Acima de 30 minutos;Até 15 minutos
Dúvidas Gerais;Gabriel Santos;Empresa Simulada;Cliente 002;202600000207;E-mail;2026-02-25 10:08:00;2026-02-25 10:23:00;2026-02-25 10:10:00;00:15:00;00:35:00;00:30:00;00:01:00;00:10:00;Transferido;Humano;Urgente;Receptivo;2;2;Reincidente;2026-02-25 10:58:00;2026;2;25;10;Wednesday;15.0;35.0;30.0;1.0;10.0;80.0;False;True;De 6 a 30 minutos;De 16 a 60 minutos
Pós-venda;Não informado;Empresa Simulada;Cliente 001;202600000194;Whatsapp;2026-02-19 09:48:00;2026-02-19 09:58:00;2026-02-19 09:51:00;00:10:00;00:30:00;00:20:00;00:08:00;00:07:00;Em atendimento;Humano;Padrão;Ativo;3;4;Reincidente;;2026;2;19;9;Thursday;10.0;30.0;20.0;8.0;7.0;60.0;False;True;De 6 a 30 minutos;De 16 a 60 minutos
Dúvidas Gerais;Não informado;Empresa Simulada;Cliente 006;202600000189;E-mail;2026-02-17 12:09:00;2026-02-17 12:09:00;2026-02-17 12:11:00;00:00:00;02:10:00;00:00:00;00:01:00;00:04:00;Finalizado;Misto;Urgente;Receptivo;0;6;Reincidente;2026-02-17 14:19:00;2026;2;17;12;Tuesday;0.0;130.0;0.0;1.0;4.0;130.0;True;True;Até 5 minutos;Acima de 60 minutos
Suporte Técnico;Não informado;Empresa Simulada;Cliente 005;202600000209;E-mail;2026-02-09 08:00:00;2026-02-09 11:00:00;2026-02-09 08:02:00;03:00:00;01:30:00;00:30:00;00:00:00;00:10:00;Finalizado;Misto;Normal;Ativo;2;2;Sem recorrência;2026-02-09 12:30:00;2026;2;9;8;Monday;180.0;90.0;30.0;0.0;10.0;300.0;True;False;Acima de 30 minutos;Acima de 60 minutos
Atendimento Comercial;Ana Souza;Empresa Simulada;Cliente 002;202600000210;Telefone;2026-01-29 08:27:00;2026-01-29 08:32:00;2026-01-29 08:29:00;00:05:00;00:30:00;00:00:00;00:01:00;00:04:00;Finalizado;Misto;Normal;Receptivo;7;5;Reincidente;2026-01-29 09:02:00;2026;1;29;8;Thursday;5.0;30.0;0.0;1.0;4.0;35.0;True;True;Até 5 minutos;De 16 a 60 minutos
Pós-venda;Ana Souza;Empresa Simulada;Cliente 003;202600000206;E-mail;2026-02-07 11:11:00;;2026-02-07 11:11:00;00:45:00;00:00:00;00:00:00;00:03:00;00:07:00;Aguardando atendimento;Humano;Urgente;Receptivo;3;7;Sem recorrência;;2026;2;7;11;Saturday;45.0;0.0;0.0;3.0;7.0;45.0;False;False;Acima de 30 minutos;Até 15 minutos
Dúvidas Gerais;Gabriel Santos;Empresa Simulada;Cliente 003;202600000198;Whatsapp;2026-01-12 13:28:00;2026-01-12 13:31:00;2026-01-12 13:29:00;00:03:00;00:45:00;00:05:00;00:00:00;00:04:00;Finalizado por inatividade;Misto;Padrão;Receptivo;0;4;Reincidente;2026-01-12 14:16:00;2026;1;12;13;Monday;3.0;45.0;5.0;0.0;4.0;53.0;True;True;Até 5 minutos;De 16 a 60 minutos
Pós-venda;Não informado;Empresa Simulada;Cliente 001;202600000218;E-mail;2026-02-06 09:06:00;2026-02-06 09:07:00;2026-02-06 09:06:00;00:01:00;00:05:00;00:20:00;00:08:00;00:00:00;Em atendimento;Misto;Urgente;Ativo;2;0;Reincidente;;2026;2;6;9;Friday;1.0;5.0;20.0;8.0;0.0;26.0;False;True;Até 5 minutos;Até 15 minutos
Suporte Técnico;Diego Rocha;Empresa Simulada;Cliente 004;202600000221;Portal;2026-01-07 09:04:00;2026-01-07 09:04:00;2026-01-07 09:05:00;00:00:00;00:35:00;00:00:00;00:05:00;00:00:00;Transferido;Misto;Padrão;Receptivo;1;0;Sem recorrência;2026-01-07 09:39:00;2026;1;7;9;Wednesday;0.0;35.0;0.0;5.0;0.0;35.0;False;False;Até 5 minutos;De 16 a 60 minutos
Dúvidas Gerais;Ana Souza;Empresa Simulada;Cliente 003;202600000202;Portal;2026-02-22 17:02:00;2026-02-22 20:02:00;2026-02-22 17:02:00;03:00:00;02:10:00;00:00:00;00:01:00;00:10:00;Finalizado;Automático;Padrão;Ativo;3;2;Reincidente;2026-02-22 22:12:00;2026;2;22;17;Sunday;180.0;130.0;0.0;1.0;10.0;310.0;True;True;Acima de 30 minutos;Acima de 60 minutos
Suporte SAC;Ana Souza;Empresa Simulada;Cliente 005;202600000197;Portal;2026-02-14 10:19:00;2026-02-14 12:19:00;2026-02-14 10:21:00;02:00:00;00:05:00;00:10:00;00:05:00;00:00:00;Finalizado por inatividade;Misto;Urgente;Receptivo;3;6;Rechamada;2026-02-14 12:24:00;2026;2;14;10;Saturday;120.0;5.0;10.0;5.0;0.0;135.0;True;True;Acima de 30 minutos;Até 15 minutos
Dúvidas Gerais;Diego Rocha;Empresa Simulada;Cliente 006;202600000222;Whatsapp;2026-01-15 10:14:00;2026-01-15 11:34:00;2026-01-15 10:16:00;01:20:00;00:12:00;00:20:00;00:05:00;00:00:00;Finalizado;Automático;Urgente;Ativo;7;5;Rechamada;2026-01-15 11:46:00;2026;1;15;10;Thursday;80.0;12.0;20.0;5.0;0.0;112.0;True;True;Acima de 30 minutos;Até 15 minutos
Dúvidas Gerais;Bruno Lima;Empresa Simulada;Cliente 005;202600000205;Telefone;2026-01-11 12:39:00;2026-01-11 12:39:00;2026-01-11 12:40:00;00:00:00;01:30:00;00:00:00;00:05:00;00:10:00;Finalizado;Automático;Padrão;Ativo;3;6;Rechamada;2026-01-11 14:09:00;2026;1;11;12;Sunday;0.0;90.0;0.0;5.0;10.0;90.0;True;True;Até 5 minutos;Acima de 60 minutos
Dúvidas Gerais;Ana Souza;Empresa Simulada;Cliente 007;202600000202;Telefone;2026-02-17 13:56:00;2026-02-17 14:21:00;2026-02-17 13:59:00;00:25:00;00:30:00;00:05:00;00:05:00;00:00:00;Finalizado;Humano;Urgente;Ativo;1;0;Sem recorrência;2026-02-17 14:51:00;2026;2;17;13;Tuesday;25.0;30.0;5.0;5.0;0.0;60.0;True;False;De 6 a 30 minutos;De 16 a 60 minutos
Atendimento Comercial;Carla Mendes;Empresa Simulada;Cliente 004;202600000213;E-mail;2026-02-26 17:37:00;2026-02-26 17:52:00;2026-02-26 17:38:00;00:15:00;00:35:00;00:00:00;00:05:00;00:07:00;Transferido;Misto;Urgente;Ativo;6;5;Rechamada;2026-02-26 18:27:00;2026;2;26;17;Thursday;15.0;35.0;0.0;5.0;7.0;50.0;False;True;De 6 a 30 minutos;De 16 a 60 minutos
Atendimento Comercial;Gabriel Santos;Empresa Simulada;Cliente 006;202600000226;Portal;2026-02-28 17:43:00;2026-02-28 17:44:00;2026-02-28 17:44:00;00:01:00;00:12:00;00:10:00;00:05:00;00:10:00;Finalizado;Automático;Normal;Ativo;4;5;Rechamada;2026-02-28 17:56:00;2026;2;28;17;Saturday;1.0;12.0;10.0;5.0;10.0;23.0;True;True;Até 5 minutos;Até 15 minutos
Dúvidas Gerais;Gabriel Santos;Empresa Simulada;Cliente 007;202600000222;Telefone;2026-02-07 13:24:00;2026-02-07 13:49:00;2026-02-07 13:27:00;00:25:00;00:02:00;00:20:00;00:01:00;00:00:00;Transferido;Misto;Padrão;Ativo;6;6;Sem recorrência;2026-02-07 13:51:00;2026;2;7;13;Saturday;25.0;2.0;20.0;1.0;0.0;47.0;False;False;De 6 a 30 minutos;Até 15 minutos
Dúvidas Gerais;Bruno Lima;Empresa Simulada;Cliente 004;202600000201;E-mail;2026-02-07 12:24:00;2026-02-07 12:27:00;2026-02-07 12:27:00;00:03:00;00:45:00;00:05:00;00:03:00;00:07:00;Finalizado;Humano;Normal;Ativo;2;2;Sem recorrência;2026-02-07 13:12:00;2026;2;7;12;Saturday;3.0;45.0;5.0;3.0;7.0;53.0;True;False;Até 5 minutos;De 16 a 60 minutos
Pós-venda;Ana Souza;Empresa Simulada;Cliente 002;202600000207;Whatsapp;2026-02-16 11:26:00;2026-02-16 11:36:00;2026-02-16 11:26:00;00:10:00;01:30:00;00:05:00;00:00:00;00:07:00;Finalizado;Humano;Urgente;Ativo;2;0;Rechamada;2026-02-16 13:06:00;2026;2;16;11;Monday;10.0;90.0;5.0;0.0;7.0;105.0;True;True;De 6 a 30 minutos;Acima de 60 minutos
Pós-venda;Não informado;Empresa Simulada;Cliente 004;202600000222;E-mail;2026-02-07 14:38:00;2026-02-07 15:58:00;2026-02-07 14:38:00;01:20:00;00:10:00;00:00:00;00:00:00;00:04:00;Transferido;Humano;Padrão;Ativo;4;2;Reincidente;2026-02-07 16:08:00;2026;2;7;14;Saturday;80.0;10.0;0.0;0.0;4.0;90.0;False;True;Acima de 30 minutos;Até 15 minutos
Dúvidas Gerais;Gabriel Santos;Empresa Simulada;Cliente 004;202600000220;E-mail;2026-02-03 17:37:00;2026-02-03 17:37:00;2026-02-03 17:38:00;00:00:00;00:12:00;00:00:00;00:00:00;00:00:00;Finalizado;Misto;Normal;Ativo;1;1;Rechamada;2026-02-03 17:49:00;2026;2;3;17;Tuesday;0.0;12.0;0.0;0.0;0.0;12.0;True;True;Até 5 minutos;Até 15 minutos
Pós-venda;Bruno Lima;Empresa Simulada;Cliente 007;202600000221;Portal;2026-02-12 16:52:00;2026-02-12 16:52:00;2026-02-12 16:55:00;00:00:00;00:45:00;00:30:00;00:00:00;00:10:00;Finalizado;Automático;Padrão;Receptivo;2;4;Sem recorrência;2026-02-12 17:37:00;2026;2;12;16;Thursday;0.0;45.0;30.0;0.0;10.0;75.0;True;False;Até 5 minutos;De 16 a 60 minutos
Dúvidas Gerais;Ana Souza;Empresa Simulada;Cliente 005;202600000224;Whatsapp;2026-01-23 17:56:00;2026-01-23 18:41:00;2026-01-23 17:59:00;00:45:00;00:05:00;00:20:00;00:08:00;00:00:00;Finalizado;Automático;Urgente;Receptivo;1;2;Reincidente;2026-01-23 18:46:00;2026;1;23;17;Friday;45.0;5.0;20.0;8.0;0.0;70.0;True;True;Acima de 30 minutos;Até 15 minutos
Dúvidas Gerais;Diego Rocha;Empresa Simulada;Cliente 002;202600000224;Telefone;2026-01-21 16:27:00;2026-01-21 17:47:00;2026-01-21 16:29:00;01:20:00;00:30:00;00:30:00;00:00:00;00:04:00;Em atendimento;Misto;Urgente;Receptivo;6;2;Rechamada;;2026;1;21;16;Wednesday;80.0;30.0;30.0;0.0;4.0;140.0;False;True;Acima de 30 minutos;De 16 a 60 minutos
Suporte SAC;Bruno Lima;Empresa Simulada;Cliente 004;202600000230;Whatsapp;2026-02-02 10:06:00;;2026-02-02 10:09:00;00:03:00;00:00:00;00:30:00;00:05:00;00:07:00;Aguardando atendimento;Humano;Normal;Ativo;1;4;Sem recorrência;;2026;2;2;10;Monday;3.0;0.0;30.0;5.0;7.0;33.0;False;False;Até 5 minutos;Até 15 minutos
Atendimento Comercial;Gabriel Santos;Empresa Simulada;Cliente 004;202600000210;Portal;2026-02-12 08:46:00;2026-02-12 09:01:00;2026-02-12 08:49:00;00:15:00;00:50:00;00:00:00;00:08:00;00:07:00;Em atendimento;Humano;Normal;Ativo;0;3;Sem recorrência;;2026;2;12;8;Thursday;15.0;50.0;0.0;8.0;7.0;65.0;False;False;De 6 a 30 minutos;De 16 a 60 minutos
Pós-venda;Diego Rocha;Empresa Simulada;Cliente 005;202600000231;E-mail;2026-01-28 11:41:00;2026-01-28 11:41:00;2026-01-28 11:42:00;00:00:00;00:30:00;00:30:00;00:03:00;00:02:00;Finalizado;Misto;Normal;Receptivo;5;5;Rechamada;2026-01-28 12:11:00;2026;1;28;11;Wednesday;0.0;30.0;30.0;3.0;2.0;60.0;True;True;Até 5 minutos;De 16 a 60 minutos
Suporte Técnico;Carla Mendes;Empresa Simulada;Cliente 001;202600000227;Telefone;2026-02-03 14:36:00;2026-02-03 14:36:00;2026-02-03 14:38:00;00:00:00;02:10:00;00:00:00;00:05:00;00:00:00;Finalizado;Misto;Urgente;Receptivo;3;5;Recorrente;2026-02-03 16:46:00;2026;2;3;14;Tuesday;0.0;130.0;0.0;5.0;0.0;130.0;True;True;Até 5 minutos;Acima de 60 minutos
Suporte Técnico;Diego Rocha;Empresa Simulada;Cliente 003;202600000237;Whatsapp;2026-02-11 08:30:00;2026-02-11 08:30:00;2026-02-11 08:32:00;00:00:00;00:20:00;00:20:00;00:08:00;00:00:00;Finalizado;Misto;Padrão;Receptivo;5;1;Recorrente;2026-02-11 08:50:00;2026;2;11;8;Wednesday;0.0;20.0;20.0;8.0;0.0;40.0;True;True;Até 5 minutos;De 16 a 60 minutos
Atendimento Comercial;Não informado;Empresa Simulada;Cliente 003;202600000220;E-mail;2026-01-25 13:13:00;2026-01-25 14:33:00;2026-01-25 13:15:00;01:20:00;00:20:00;00:05:00;00:08:00;00:00:00;Finalizado;Humano;Normal;Ativo;1;1;Recorrente;2026-01-25 14:53:00;2026;1;25;13;Sunday;80.0;20.0;5.0;8.0;0.0;105.0;True;True;Acima de 30 minutos;De 16 a 60 minutos
Dúvidas Gerais;Não informado;Empresa Simulada;Cliente 003;202600000242;Portal;2026-02-13 08:48:00;2026-02-13 09:33:00;2026-02-13 08:48:00;00:45:00;00:10:00;00:10:00;00:01:00;00:04:00;Transferido;Humano;Urgente;Ativo;0;6;Sem recorrência;2026-02-13 09:43:00;2026;2;13;8;Friday;45.0;10.0;10.0;1.0;4.0;65.0;False;False;Acima de 30 minutos;Até 15 minutos
Suporte SAC;Ana Souza;Empresa Simulada;Cliente 006;202600000225;E-mail;2026-02-06 13:25:00;2026-02-06 15:25:00;2026-02-06 13:26:00;02:00:00;00:08:00;00:20:00;00:05:00;00:04:00;Finalizado;Automático;Urgente;Receptivo;2;4;Recorrente;2026-02-06 15:33:00;2026;2;6;13;Friday;120.0;8.0;20.0;5.0;4.0;148.0;True;True;Acima de 30 minutos;Até 15 minutos
Pós-venda;Carla Mendes;Empresa Simulada;Cliente 004;202600000243;E-mail;2026-02-13 13:23:00;2026-02-13 13:24:00;2026-02-13 13:26:00;00:01:00;01:00:00;00:20:00;00:01:00;00:02:00;Finalizado;Misto;Normal;Receptivo;3;6;Rechamada;2026-02-13 14:24:00;2026;2;13;13;Friday;1.0;60.0;20.0;1.0;2.0;81.0;True;True;Até 5 minutos;De 16 a 60 minutos
Suporte Técnico;Não informado;Empresa Simulada;Cliente 004;202600000234;Telefone;2026-02-25 10:30:00;2026-02-25 10:30:00;2026-02-25 10:31:00;00:00:00;00:12:00;00:30:00;00:08:00;00:07:00;Finalizado;Automático;Urgente;Ativo;2;0;Recorrente;2026-02-25 10:42:00;2026;2;25;10;Wednesday;0.0;12.0;30.0;8.0;7.0;42.0;True;True;Até 5 minutos;Até 15 minutos
Suporte SAC;Diego Rocha;Empresa Simulada;Cliente 001;202600000229;Telefone;2026-02-27 09:28:00;2026-02-27 12:28:00;2026-02-27 09:30:00;03:00:00;00:45:00;00:10:00;00:05:00;00:02:00;Finalizado;Misto;Urgente;Ativo;4;5;Recorrente;2026-02-27 13:13:00;2026;2;27;9;Friday;180.0;45.0;10.0;5.0;2.0;235.0;True;True;Acima de 30 minutos;De 16 a 60 minutos
Suporte Técnico;Diego Rocha;Empresa Simulada;Cliente 006;202600000239;Portal;2026-02-23 15:56:00;2026-02-23 15:56:00;2026-02-23 15:59:00;00:00:00;00:30:00;00:20:00;00:00:00;00:00:00;Em atendimento;Humano;Normal;Receptivo;5;4;Recorrente;;2026;2;23;15;Monday;0.0;30.0;20.0;0.0;0.0;50.0;False;True;Até 5 minutos;De 16 a 60 minutos
Atendimento Comercial;Gabriel Santos;Empresa Simulada;Cliente 003;202600000243;Whatsapp;2026-01-22 15:49:00;2026-01-22 15:59:00;2026-01-22 15:52:00;00:10:00;00:12:00;00:30:00;00:00:00;00:00:00;Finalizado;Humano;Normal;Ativo;7;0;Sem recorrência;2026-01-22 16:11:00;2026;1;22;15;Thursday;10.0;12.0;30.0;0.0;0.0;52.0;True;False;De 6 a 30 minutos;Até 15 minutos
Suporte Técnico;Diego Rocha;Empresa Simulada;Cliente 006;202600000244;E-mail;2026-01-11 12:39:00;2026-01-11 12:40:00;2026-01-11 12:39:00;00:01:00;00:30:00;00:00:00;00:00:00;00:00:00;Em atendimento;Humano;Urgente;Receptivo;5;7;Reincidente;;2026;1;11;12;Sunday;1.0;30.0;0.0;0.0;0.0;31.0;False;True;Até 5 minutos;De 16 a 60 minutos
Dúvidas Gerais;Diego Rocha;Empresa Simulada;Cliente 005;202600000250;Telefone;2026-02-09 15:08:00;2026-02-09 18:08:00;2026-02-09 15:09:00;03:00:00;00:30:00;00:20:00;00:08:00;00:10:00;Em atendimento;Automático;Padrão;Receptivo;4;5;Rechamada;;2026;2;9;15;Monday;180.0;30.0;20.0;8.0;10.0;230.0;False;True;Acima de 30 minutos;De 16 a 60 minutos
Pós-venda;Não informado;Empresa Simulada;Cliente 004;202600000252;Telefone;2026-01-24 08:00:00;2026-01-24 08:45:00;2026-01-24 08:01:00;00:45:00;01:30:00;00:10:00;00:00:00;00:10:00;Finalizado;Humano;Padrão;Ativo;5;3;Recorrente;2026-01-24 10:15:00;2026;1;24;8;Saturday;45.0;90.0;10.0;0.0;10.0;145.0;True;True;Acima de 30 minutos;Acima de 60 minutos
Atendimento Comercial;Fernanda Alves;Empresa Simulada;Cliente 007;202600000244;Telefone;2026-01-30 11:10:00;2026-01-30 14:10:00;2026-01-30 11:13:00;03:00:00;00:05:00;00:00:00;00:00:00;00:04:00;Transferido;Automático;Urgente;Receptivo;3;1;Reincidente;2026-01-30 14:15:00;2026;1;30;11;Friday;180.0;5.0;0.0;0.0;4.0;185.0;False;True;Acima de 30 minutos;Até 15 minutos
Atendimento Comercial;Ana Souza;Empresa Simulada;Cliente 005;202600000225;Whatsapp;2026-01-12 15:39:00;;2026-01-12 15:41:00;00:25:00;00:00:00;00:05:00;00:00:00;00:02:00;Aguardando atendimento;Humano;Normal;Receptivo;0;3;Sem recorrência;;2026;1;12;15;Monday;25.0;0.0;5.0;0.0;2.0;30.0;False;False;De 6 a 30 minutos;Até 15 minutos
Suporte SAC;Carla Mendes;Empresa Simulada;Cliente 001;202600000248;E-mail;2026-02-05 11:21:00;;2026-02-05 11:23:00;00:15:00;00:00:00;00:05:00;00:01:00;00:04:00;Aguardando atendimento;Humano;Padrão;Receptivo;2;3;Sem recorrência;;2026;2;5;11;Thursday;15.0;0.0;5.0;1.0;4.0;20.0;False;False;De 6 a 30 minutos;Até 15 minutos
Suporte SAC;Fernanda Alves;Empresa Simulada;Cliente 006;202600000250;E-mail;2026-01-12 11:24:00;;2026-01-12 11:25:00;00:25:00;00:00:00;00:00:00;00:00:00;00:04:00;Aguardando atendimento;Automático;Padrão;Ativo;0;1;Reincidente;;2026;1;12;11;Monday;25.0;0.0;0.0;0.0;4.0;25.0;False;True;De 6 a 30 minutos;Até 15 minutos
Atendimento Comercial;Não informado;Empresa Simulada;Cliente 003;202600000228;Whatsapp;2026-01-17 13:56:00;2026-01-17 13:56:00;2026-01-17 13:57:00;00:00:00;00:20:00;00:20:00;00:03:00;00:02:00;Finalizado por inatividade;Automático;Normal;Receptivo;2;5;Rechamada;2026-01-17 14:16:00;2026;1;17;13;Saturday;0.0;20.0;20.0;3.0;2.0;40.0;True;True;Até 5 minutos;De 16 a 60 minutos
Dúvidas Gerais;Não informado;Empresa Simulada;Cliente 001;202600000233;E-mail;2026-01-15 15:05:00;2026-01-15 17:05:00;2026-01-15 15:07:00;02:00:00;00:05:00;00:00:00;00:01:00;00:10:00;Finalizado por inatividade;Automático;Normal;Receptivo;7;3;Recorrente;2026-01-15 17:10:00;2026;1;15;15;Thursday;120.0;5.0;0.0;1.0;10.0;125.0;True;True;Acima de 30 minutos;Até 15 minutos
Pós-venda;Bruno Lima;Empresa Simulada;Cliente 005;202600000252;E-mail;2026-01-27 10:16:00;;2026-01-27 10:19:00;00:00:00;00:00:00;00:10:00;00:01:00;00:07:00;Aguardando atendimento;Misto;Padrão;Ativo;1;2;Reincidente;;2026;1;27;10;Tuesday;0.0;0.0;10.0;1.0;7.0;10.0;False;True;Até 5 minutos;Até 15 minutos
Dúvidas Gerais;Bruno Lima;Empresa Simulada;Cliente 003;202600000255;Whatsapp;2026-02-08 13:29:00;;2026-02-08 13:32:00;00:00:00;00:00:00;00:00:00;00:05:00;00:02:00;Aguardando atendimento;Misto;Urgente;Receptivo;2;4;Reincidente;;2026;2;8;13;Sunday;0.0;0.0;0.0;5.0;2.0;0.0;False;True;Até 5 minutos;Até 15 minutos
Pós-venda;Bruno Lima;Empresa Simulada;Cliente 001;202600000235;Whatsapp;2026-01-12 09:33:00;2026-01-12 11:33:00;2026-01-12 09:33:00;02:00:00;00:12:00;00:00:00;00:00:00;00:00:00;Finalizado;Misto;Urgente;Receptivo;0;5;Sem recorrência;2026-01-12 11:45:00;2026;1;12;9;Monday;120.0;12.0;0.0;0.0;0.0;132.0;True;False;Acima de 30 minutos;Até 15 minutos
Pós-venda;Não informado;Empresa Simulada;Cliente 003;202600000261;Whatsapp;2026-01-05 11:41:00;2026-01-05 12:06:00;2026-01-05 11:41:00;00:25:00;00:05:00;00:00:00;00:05:00;00:10:00;Finalizado;Misto;Padrão;Ativo;4;1;Sem recorrência;2026-01-05 12:11:00;2026;1;5;11;Monday;25.0;5.0;0.0;5.0;10.0;30.0;True;False;De 6 a 30 minutos;Até 15 minutos
Dúvidas Gerais;Diego Rocha;Empresa Simulada;Cliente 006;202600000251;Whatsapp;2026-01-11 11:34:00;2026-01-11 11:49:00;2026-01-11 11:35:00;00:15:00;00:20:00;00:10:00;00:08:00;00:00:00;Finalizado;Misto;Urgente;Receptivo;1;2;Recorrente;2026-01-11 12:09:00;2026;1;11;11;Sunday;15.0;20.0;10.0;8.0;0.0;45.0;True;True;De 6 a 30 minutos;De 16 a 60 minutos
Pós-venda;Não informado;Empresa Simulada;Cliente 006;202600000248;Telefone;2026-02-06 13:42:00;2026-02-06 13:43:00;2026-02-06 13:45:00;00:01:00;00:45:00;00:10:00;00:01:00;00:02:00;Finalizado por inatividade;Misto;Normal;Receptivo;4;5;Recorrente;2026-02-06 14:28:00;2026;2;6;13;Friday;1.0;45.0;10.0;1.0;2.0;56.0;True;True;Até 5 minutos;De 16 a 60 minutos
Suporte Técnico;Ana Souza;Empresa Simulada;Cliente 007;202600000242;Telefone;2026-01-05 08:18:00;2026-01-05 09:38:00;2026-01-05 08:18:00;01:20:00;00:30:00;00:00:00;00:01:00;00:00:00;Finalizado;Misto;Urgente;Ativo;1;0;Rechamada;2026-01-05 10:08:00;2026;1;5;8;Monday;80.0;30.0;0.0;1.0;0.0;110.0;True;True;Acima de 30 minutos;De 16 a 60 minutos
Atendimento Comercial;Gabriel Santos;Empresa Simulada;Cliente 001;202600000255;Telefone;2026-01-13 12:23:00;2026-01-13 13:43:00;2026-01-13 12:24:00;01:20:00;00:30:00;00:00:00;00:05:00;00:04:00;Finalizado;Automático;Normal;Receptivo;0;6;Reincidente;2026-01-13 14:13:00;2026;1;13;12;Tuesday;80.0;30.0;0.0;5.0;4.0;110.0;True;True;Acima de 30 minutos;De 16 a 60 minutos
Pós-venda;Ana Souza;Empresa Simulada;Cliente 003;202600000258;Whatsapp;2026-01-27 14:26:00;;2026-01-27 14:27:00;00:00:00;00:00:00;00:30:00;00:05:00;00:00:00;Aguardando atendimento;Automático;Urgente;Ativo;2;0;Recorrente;;2026;1;27;14;Tuesday;0.0;0.0;30.0;5.0;0.0;30.0;False;True;Até 5 minutos;Até 15 minutos
Suporte Técnico;Ana Souza;Empresa Simulada;Cliente 004;202600000243;Whatsapp;2026-02-02 17:36:00;2026-02-02 18:21:00;2026-02-02 17:36:00;00:45:00;00:30:00;00:30:00;00:03:00;00:00:00;Finalizado;Misto;Padrão;Receptivo;2;2;Rechamada;2026-02-02 18:51:00;2026;2;2;17;Monday;45.0;30.0;30.0;3.0;0.0;105.0;True;True;Acima de 30 minutos;De 16 a 60 minutos
Pós-venda;Carla Mendes;Empresa Simulada;Cliente 006;202600000248;Whatsapp;2026-02-05 14:41:00;2026-02-05 16:01:00;2026-02-05 14:42:00;01:20:00;00:50:00;00:00:00;00:00:00;00:00:00;Em atendimento;Humano;Urgente;Receptivo;3;5;Sem recorrência;;2026;2;5;14;Thursday;80.0;50.0;0.0;0.0;0.0;130.0;False;False;Acima de 30 minutos;De 16 a 60 minutos
Suporte Técnico;Bruno Lima;Empresa Simulada;Cliente 007;202600000262;Whatsapp;2026-02-23 12:10:00;2026-02-23 12:20:00;2026-02-23 12:13:00;00:10:00;00:30:00;00:00:00;00:00:00;00:00:00;Em atendimento;Humano;Urgente;Ativo;4;0;Sem recorrência;;2026;2;23;12;Monday;10.0;30.0;0.0;0.0;0.0;40.0;False;False;De 6 a 30 minutos;De 16 a 60 minutos
Suporte Técnico;Fernanda Alves;Empresa Simulada;Cliente 004;202600000258;E-mail;2026-01-24 15:30:00;2026-01-24 15:30:00;2026-01-24 15:32:00;00:00:00;02:10:00;00:00:00;00:00:00;00:07:00;Finalizado;Misto;Urgente;Ativo;4;2;Rechamada;2026-01-24 17:40:00;2026;1;24;15;Saturday;0.0;130.0;0.0;0.0;7.0;130.0;True;True;Até 5 minutos;Acima de 60 minutos
Suporte Técnico;Não informado;Empresa Simulada;Cliente 001;202600000251;Whatsapp;2026-02-24 17:17:00;2026-02-24 17:17:00;2026-02-24 17:20:00;00:00:00;00:00:00;00:00:00;00:03:00;00:10:00;Em atendimento;Automático;Urgente;Ativo;5;7;Sem recorrência;;2026;2;24;17;Tuesday;0.0;0.0;0.0;3.0;10.0;0.0;False;False;Até 5 minutos;Até 15 minutos
Atendimento Comercial;Ana Souza;Empresa Simulada;Cliente 003;202600000256;Telefone;2026-01-16 11:32:00;2026-01-16 11:57:00;2026-01-16 11:32:00;00:25:00;02:10:00;00:00:00;00:01:00;00:04:00;Finalizado;Automático;Urgente;Receptivo;0;4;Reincidente;2026-01-16 14:07:00;2026;1;16;11;Friday;25.0;130.0;0.0;1.0;4.0;155.0;True;True;De 6 a 30 minutos;Acima de 60 minutos
Atendimento Comercial;Diego Rocha;Empresa Simulada;Cliente 002;202600000272;E-mail;2026-01-19 10:21:00;2026-01-19 10:36:00;2026-01-19 10:22:00;00:15:00;01:00:00;00:10:00;00:08:00;00:07:00;Finalizado;Automático;Padrão;Ativo;3;2;Rechamada;2026-01-19 11:36:00;2026;1;19;10;Monday;15.0;60.0;10.0;8.0;7.0;85.0;True;True;De 6 a 30 minutos;De 16 a 60 minutos
Suporte SAC;Fernanda Alves;Empresa Simulada;Cliente 005;202600000256;Whatsapp;2026-03-01 10:19:00;2026-03-01 13:19:00;2026-03-01 10:20:00;03:00:00;00:12:00;00:20:00;00:05:00;00:00:00;Finalizado;Humano;Padrão;Receptivo;6;4;Reincidente;2026-03-01 13:31:00;2026;3;1;10;Sunday;180.0;12.0;20.0;5.0;0.0;212.0;True;True;Acima de 30 minutos;Até 15 minutos
Dúvidas Gerais;Bruno Lima;Empresa Simulada;Cliente 002;202600000254;Whatsapp;2026-01-14 11:06:00;2026-01-14 11:07:00;2026-01-14 11:07:00;00:01:00;00:30:00;00:10:00;00:05:00;00:07:00;Finalizado;Automático;Normal;Receptivo;5;2;Recorrente;2026-01-14 11:37:00;2026;1;14;11;Wednesday;1.0;30.0;10.0;5.0;7.0;41.0;True;True;Até 5 minutos;De 16 a 60 minutos
Atendimento Comercial;Não informado;Empresa Simulada;Cliente 002;202600000271;Whatsapp;2026-01-13 10:12:00;2026-01-13 10:15:00;2026-01-13 10:12:00;00:03:00;00:05:00;00:00:00;00:03:00;00:00:00;Finalizado;Humano;Padrão;Receptivo;7;3;Sem recorrência;2026-01-13 10:20:00;2026;1;13;10;Tuesday;3.0;5.0;0.0;3.0;0.0;8.0;True;False;Até 5 minutos;Até 15 minutos
Suporte SAC;Fernanda Alves;Empresa Simulada;Cliente 001;202600000269;Portal;2026-02-12 14:46:00;2026-02-12 14:56:00;2026-02-12 14:49:00;00:10:00;00:50:00;00:10:00;00:05:00;00:07:00;Em atendimento;Automático;Normal;Receptivo;0;6;Sem recorrência;;2026;2;12;14;Thursday;10.0;50.0;10.0;5.0;7.0;70.0;False;False;De 6 a 30 minutos;De 16 a 60 minutos
Suporte Técnico;Fernanda Alves;Empresa Simulada;Cliente 001;202600000263;E-mail;2026-01-17 12:28:00;;2026-01-17 12:30:00;00:15:00;00:00:00;00:00:00;00:03:00;00:00:00;Aguardando atendimento;Automático;Urgente;Ativo;2;2;Reincidente;;2026;1;17;12;Saturday;15.0;0.0;0.0;3.0;0.0;15.0;False;True;De 6 a 30 minutos;Até 15 minutos
Atendimento Comercial;Gabriel Santos;Empresa Simulada;Cliente 006;202600000271;Whatsapp;2026-02-02 08:11:00;2026-02-02 08:36:00;2026-02-02 08:12:00;00:25:00;00:02:00;00:00:00;00:01:00;00:10:00;Transferido;Humano;Normal;Receptivo;1;6;Rechamada;2026-02-02 08:38:00;2026;2;2;8;Monday;25.0;2.0;0.0;1.0;10.0;27.0;False;True;De 6 a 30 minutos;Até 15 minutos
Atendimento Comercial;Bruno Lima;Empresa Simulada;Cliente 007;202600000257;Whatsapp;2026-01-29 16:24:00;2026-01-29 16:24:00;2026-01-29 16:25:00;00:00:00;00:35:00;00:30:00;00:08:00;00:00:00;Transferido;Automático;Padrão;Ativo;1;2;Reincidente;2026-01-29 16:59:00;2026;1;29;16;Thursday;0.0;35.0;30.0;8.0;0.0;65.0;False;True;Até 5 minutos;De 16 a 60 minutos
Pós-venda;Diego Rocha;Empresa Simulada;Cliente 004;202600000274;Portal;2026-01-05 15:31:00;2026-01-05 15:56:00;2026-01-05 15:31:00;00:25:00;00:30:00;00:00:00;00:00:00;00:07:00;Em atendimento;Humano;Urgente;Receptivo;3;0;Sem recorrência;;2026;1;5;15;Monday;25.0;30.0;0.0;0.0;7.0;55.0;False;False;De 6 a 30 minutos;De 16 a 60 minutos
Suporte SAC;Diego Rocha;Empresa Simulada;Cliente 002;202600000255;E-mail;2026-02-15 13:02:00;2026-02-15 13:03:00;2026-02-15 13:02:00;00:01:00;00:50:00;00:00:00;00:01:00;00:00:00;Em atendimento;Misto;Padrão;Ativo;7;5;Reincidente;;2026;2;15;13;Sunday;1.0;50.0;0.0;1.0;0.0;51.0;False;True;Até 5 minutos;De 16 a 60 minutos
Pós-venda;Bruno Lima;Empresa Simulada;Cliente 001;202600000264;Telefone;2026-01-25 13:57:00;;2026-01-25 13:57:00;00:15:00;00:00:00;00:30:00;00:05:00;00:00:00;Aguardando atendimento;Automático;Urgente;Ativo;0;1;Sem recorrência;;2026;1;25;13;Sunday;15.0;0.0;30.0;5.0;0.0;45.0;False;False;De 6 a 30 minutos;Até 15 minutos
Suporte Técnico;Bruno Lima;Empresa Simulada;Cliente 005;202600000275;Portal;2026-02-04 17:59:00;2026-02-04 20:59:00;2026-02-04 18:01:00;03:00:00;00:45:00;00:00:00;00:05:00;00:07:00;Finalizado;Misto;Urgente;Ativo;3;4;Sem recorrência;2026-02-04 21:44:00;2026;2;4;17;Wednesday;180.0;45.0;0.0;5.0;7.0;225.0;True;False;Acima de 30 minutos;De 16 a 60 minutos
Dúvidas Gerais;Não informado;Empresa Simulada;Cliente 006;202600000268;E-mail;2026-01-06 15:40:00;2026-01-06 15:40:00;2026-01-06 15:41:00;00:00:00;00:20:00;00:05:00;00:00:00;00:02:00;Transferido;Humano;Urgente;Ativo;4;4;Reincidente;2026-01-06 16:00:00;2026;1;6;15;Tuesday;0.0;20.0;5.0;0.0;2.0;25.0;False;True;Até 5 minutos;De 16 a 60 minutos
Suporte Técnico;Gabriel Santos;Empresa Simulada;Cliente 004;202600000268;Portal;2026-02-23 08:07:00;2026-02-23 10:07:00;2026-02-23 08:09:00;02:00:00;00:05:00;00:30:00;00:00:00;00:00:00;Finalizado;Humano;Urgente;Receptivo;5;7;Sem recorrência;2026-02-23 10:12:00;2026;2;23;8;Monday;120.0;5.0;30.0;0.0;0.0;155.0;True;False;Acima de 30 minutos;Até 15 minutos
Suporte Técnico;Ana Souza;Empresa Simulada;Cliente 002;202600000269;Telefone;2026-02-27 16:19:00;2026-02-27 17:39:00;2026-02-27 16:21:00;01:20:00;00:00:00;00:00:00;00:05:00;00:10:00;Em atendimento;Humano;Padrão;Receptivo;2;1;Reincidente;;2026;2;27;16;Friday;80.0;0.0;0.0;5.0;10.0;80.0;False;True;Acima de 30 minutos;Até 15 minutos
Dúvidas Gerais;Carla Mendes;Empresa Simulada;Cliente 002;202600000266;Whatsapp;2026-02-19 08:17:00;2026-02-19 08:32:00;2026-02-19 08:17:00;00:15:00;00:20:00;00:00:00;00:03:00;00:02:00;Finalizado;Automático;Normal;Ativo;7;2;Recorrente;2026-02-19 08:52:00;2026;2;19;8;Thursday;15.0;20.0;0.0;3.0;2.0;35.0;True;True;De 6 a 30 minutos;De 16 a 60 minutos
Atendimento Comercial;Gabriel Santos;Empresa Simulada;Cliente 001;202600000265;Portal;2026-02-20 16:19:00;;2026-02-20 16:20:00;00:10:00;00:00:00;00:00:00;00:05:00;00:10:00;Aguardando atendimento;Automático;Urgente;Receptivo;0;1;Sem recorrência;;2026;2;20;16;Friday;10.0;0.0;0.0;5.0;10.0;10.0;False;False;De 6 a 30 minutos;Até 15 minutos
Atendimento Comercial;Carla Mendes;Empresa Simulada;Cliente 003;202600000268;Telefone;2026-01-11 16:49:00;2026-01-11 18:49:00;2026-01-11 16:51:00;02:00:00;00:30:00;00:20:00;00:00:00;00:02:00;Finalizado;Automático;Urgente;Ativo;4;1;Sem recorrência;2026-01-11 19:19:00;2026;1;11;16;Sunday;120.0;30.0;20.0;0.0;2.0;170.0;True;False;Acima de 30 minutos;De 16 a 60 minutos
Suporte Técnico;Fernanda Alves;Empresa Simulada;Cliente 003;202600000265;Portal;2026-01-18 16:22:00;2026-01-18 17:07:00;2026-01-18 16:24:00;00:45:00;00:30:00;00:10:00;00:00:00;00:00:00;Finalizado;Humano;Normal;Ativo;1;6;Recorrente;2026-01-18 17:37:00;2026;1;18;16;Sunday;45.0;30.0;10.0;0.0;0.0;85.0;True;True;Acima de 30 minutos;De 16 a 60 minutos
Dúvidas Gerais;Ana Souza;Empresa Simulada;Cliente 007;202600000288;Portal;2026-01-30 10:45:00;2026-01-30 12:05:00;2026-01-30 10:48:00;01:20:00;00:15:00;00:00:00;00:00:00;00:10:00;Em atendimento;Misto;Normal;Receptivo;4;7;Rechamada;;2026;1;30;10;Friday;80.0;15.0;0.0;0.0;10.0;95.0;False;True;Acima de 30 minutos;Até 15 minutos
Suporte SAC;Ana Souza;Empresa Simulada;Cliente 004;202600000280;Whatsapp;2026-01-14 17:16:00;2026-01-14 17:26:00;2026-01-14 17:19:00;00:10:00;00:45:00;00:30:00;00:01:00;00:04:00;Finalizado;Automático;Padrão;Receptivo;2;1;Sem recorrência;2026-01-14 18:11:00;2026;1;14;17;Wednesday;10.0;45.0;30.0;1.0;4.0;85.0;True;False;De 6 a 30 minutos;De 16 a 60 minutos
Atendimento Comercial;Fernanda Alves;Empresa Simulada;Cliente 002;202600000285;Portal;2026-01-25 16:41:00;2026-01-25 16:41:00;2026-01-25 16:43:00;00:00:00;01:00:00;00:10:00;00:03:00;00:00:00;Finalizado;Automático;Normal;Receptivo;6;5;Rechamada;2026-01-25 17:41:00;2026;1;25;16;Sunday;0.0;60.0;10.0;3.0;0.0;70.0;True;True;Até 5 minutos;De 16 a 60 minutos
Pós-venda;Bruno Lima;Empresa Simulada;Cliente 003;202600000293;Portal;2026-01-16 09:47:00;2026-01-16 12:47:00;2026-01-16 09:50:00;03:00:00;01:30:00;00:00:00;00:05:00;00:00:00;Finalizado;Humano;Urgente;Receptivo;7;0;Rechamada;2026-01-16 14:17:00;2026;1;16;9;Friday;180.0;90.0;0.0;5.0;0.0;270.0;True;True;Acima de 30 minutos;Acima de 60 minutos
Atendimento Comercial;Bruno Lima;Empresa Simulada;Cliente 006;202600000282;Telefone;2026-02-11 08:48:00;2026-02-11 08:49:00;2026-02-11 08:49:00;00:01:00;00:30:00;00:05:00;00:05:00;00:07:00;Finalizado;Automático;Urgente;Receptivo;1;0;Recorrente;2026-02-11 09:19:00;2026;2;11;8;Wednesday;1.0;30.0;5.0;5.0;7.0;36.0;True;True;Até 5 minutos;De 16 a 60 minutos
Suporte Técnico;Ana Souza;Empresa Simulada;Cliente 007;202600000286;Telefone;2026-02-28 10:54:00;2026-02-28 10:59:00;2026-02-28 10:54:00;00:05:00;02:10:00;00:00:00;00:00:00;00:10:00;Finalizado;Humano;Normal;Receptivo;6;6;Rechamada;2026-02-28 13:09:00;2026;2;28;10;Saturday;5.0;130.0;0.0;0.0;10.0;135.0;True;True;Até 5 minutos;Acima de 60 minutos
Atendimento Comercial;Bruno Lima;Empresa Simulada;Cliente 001;202600000279;Whatsapp;2026-02-16 10:30:00;2026-02-16 10:31:00;2026-02-16 10:31:00;00:01:00;00:15:00;00:30:00;00:03:00;00:00:00;Em atendimento;Misto;Normal;Receptivo;2;1;Recorrente;;2026;2;16;10;Monday;1.0;15.0;30.0;3.0;0.0;46.0;False;True;Até 5 minutos;Até 15 minutos
Pós-venda;Diego Rocha;Empresa Simulada;Cliente 003;202600000297;E-mail;2026-03-01 15:57:00;2026-03-01 18:57:00;2026-03-01 16:00:00;03:00:00;00:30:00;00:10:00;00:03:00;00:07:00;Em atendimento;Humano;Padrão;Receptivo;3;4;Reincidente;;2026;3;1;15;Sunday;180.0;30.0;10.0;3.0;7.0;220.0;False;True;Acima de 30 minutos;De 16 a 60 minutos
Dúvidas Gerais;Não informado;Empresa Simulada;Cliente 007;202600000295;Telefone;2026-01-07 08:36:00;2026-01-07 09:01:00;2026-01-07 08:38:00;00:25:00;01:30:00;00:20:00;00:00:00;00:00:00;Finalizado;Automático;Urgente;Ativo;3;7;Sem recorrência;2026-01-07 10:31:00;2026;1;7;8;Wednesday;25.0;90.0;20.0;0.0;0.0;135.0;True;False;De 6 a 30 minutos;Acima de 60 minutos
Dúvidas Gerais;Diego Rocha;Empresa Simulada;Cliente 005;202600000287;Telefone;2026-02-17 16:51:00;2026-02-17 18:11:00;2026-02-17 16:53:00;01:20:00;00:15:00;00:10:00;00:00:00;00:04:00;Em atendimento;Automático;Padrão;Ativo;4;4;Recorrente;;2026;2;17;16;Tuesday;80.0;15.0;10.0;0.0;4.0;105.0;False;True;Acima de 30 minutos;Até 15 minutos
Atendimento Comercial;Fernanda Alves;Empresa Simulada;Cliente 001;202600000276;Telefone;2026-02-11 10:36:00;2026-02-11 10:36:00;2026-02-11 10:38:00;00:00:00;00:35:00;00:00:00;00:01:00;00:04:00;Transferido;Automático;Normal;Receptivo;0;1;Rechamada;2026-02-11 11:11:00;2026;2;11;10;Wednesday;0.0;35.0;0.0;1.0;4.0;35.0;False;True;Até 5 minutos;De 16 a 60 minutos
Dúvidas Gerais;Não informado;Empresa Simulada;Cliente 001;202600000300;Telefone;2026-02-16 15:23:00;;2026-02-16 15:25:00;00:01:00;00:00:00;00:00:00;00:03:00;00:00:00;Aguardando atendimento;Humano;Normal;Receptivo;6;3;Rechamada;;2026;2;16;15;Monday;1.0;0.0;0.0;3.0;0.0;1.0;False;True;Até 5 minutos;Até 15 minutos
Pós-venda;Carla Mendes;Empresa Simulada;Cliente 004;202600000288;E-mail;2026-01-18 17:46:00;2026-01-18 17:56:00;2026-01-18 17:46:00;00:10:00;00:00:00;00:00:00;00:00:00;00:04:00;Em atendimento;Automático;Urgente;Receptivo;2;6;Recorrente;;2026;1;18;17;Sunday;10.0;0.0;0.0;0.0;4.0;10.0;False;True;De 6 a 30 minutos;Até 15 minutos
Suporte Técnico;Carla Mendes;Empresa Simulada;Cliente 003;202600000296;Telefone;2026-01-29 13:33:00;2026-01-29 15:33:00;2026-01-29 13:33:00;02:00:00;02:10:00;00:20:00;00:01:00;00:04:00;Finalizado;Humano;Padrão;Receptivo;3;3;Rechamada;2026-01-29 17:43:00;2026;1;29;13;Thursday;120.0;130.0;20.0;1.0;4.0;270.0;True;True;Acima de 30 minutos;Acima de 60 minutos
Pós-venda;Carla Mendes;Empresa Simulada;Cliente 002;202600000281;Telefone;2026-01-25 16:00:00;2026-01-25 18:00:00;2026-01-25 16:00:00;02:00:00;00:02:00;00:05:00;00:00:00;00:07:00;Transferido;Automático;Normal;Ativo;0;3;Sem recorrência;2026-01-25 18:02:00;2026;1;25;16;Sunday;120.0;2.0;5.0;0.0;7.0;127.0;False;False;Acima de 30 minutos;Até 15 minutos
Suporte Técnico;Diego Rocha;Empresa Simulada;Cliente 006;202600000287;Whatsapp;2026-02-19 09:05:00;2026-02-19 10:25:00;2026-02-19 09:06:00;01:20:00;00:12:00;00:00:00;00:08:00;00:00:00;Finalizado;Misto;Padrão;Receptivo;4;2;Reincidente;2026-02-19 10:37:00;2026;2;19;9;Thursday;80.0;12.0;0.0;8.0;0.0;92.0;True;True;Acima de 30 minutos;Até 15 minutos
Suporte SAC;Diego Rocha;Empresa Simulada;Cliente 002;202600000294;Portal;2026-02-23 08:24:00;2026-02-23 08:39:00;2026-02-23 08:26:00;00:15:00;00:30:00;00:30:00;00:01:00;00:00:00;Finalizado por inatividade;Humano;Urgente;Receptivo;3;1;Reincidente;2026-02-23 09:09:00;2026;2;23;8;Monday;15.0;30.0;30.0;1.0;0.0;75.0;True;True;De 6 a 30 minutos;De 16 a 60 minutos
Suporte SAC;Ana Souza;Empresa Simulada;Cliente 006;202600000301;Portal;2026-01-11 08:04:00;;2026-01-11 08:06:00;00:00:00;00:00:00;00:00:00;00:03:00;00:00:00;Aguardando atendimento;Automático;Normal;Ativo;7;7;Sem recorrência;;2026;1;11;8;Sunday;0.0;0.0;0.0;3.0;0.0;0.0;False;False;Até 5 minutos;Até 15 minutos
Pós-venda;Ana Souza;Empresa Simulada;Cliente 006;202600000291;Whatsapp;2026-02-08 11:00:00;2026-02-08 11:15:00;2026-02-08 11:03:00;00:15:00;02:10:00;00:00:00;00:01:00;00:10:00;Finalizado;Automático;Urgente;Receptivo;3;2;Recorrente;2026-02-08 13:25:00;2026;2;8;11;Sunday;15.0;130.0;0.0;1.0;10.0;145.0;True;True;De 6 a 30 minutos;Acima de 60 minutos
Atendimento Comercial;Bruno Lima;Empresa Simulada;Cliente 001;202600000297;E-mail;2026-02-16 11:19:00;2026-02-16 14:19:00;2026-02-16 11:22:00;03:00:00;00:10:00;00:05:00;00:00:00;00:10:00;Transferido;Humano;Urgente;Receptivo;1;4;Recorrente;2026-02-16 14:29:00;2026;2;16;11;Monday;180.0;10.0;5.0;0.0;10.0;195.0;False;True;Acima de 30 minutos;Até 15 minutos
Dúvidas Gerais;Diego Rocha;Empresa Simulada;Cliente 006;202600000290;E-mail;2026-01-06 08:21:00;;2026-01-06 08:23:00;00:00:00;00:00:00;00:00:00;00:03:00;00:00:00;Aguardando atendimento;Misto;Urgente;Ativo;7;0;Sem recorrência;;2026;1;6;8;Tuesday;0.0;0.0;0.0;3.0;0.0;0.0;False;False;Até 5 minutos;Até 15 minutos
Dúvidas Gerais;Ana Souza;Empresa Simulada;Cliente 007;202600000311;Whatsapp;2026-01-20 10:00:00;2026-01-20 10:01:00;2026-01-20 10:00:00;00:01:00;00:02:00;00:05:00;00:05:00;00:00:00;Transferido;Humano;Padrão;Ativo;3;6;Recorrente;2026-01-20 10:03:00;2026;1;20;10;Tuesday;1.0;2.0;5.0;5.0;0.0;8.0;False;True;Até 5 minutos;Até 15 minutos
Suporte Técnico;Ana Souza;Empresa Simulada;Cliente 001;202600000291;Telefone;2026-01-25 09:43:00;2026-01-25 11:03:00;2026-01-25 09:44:00;01:20:00;00:20:00;00:30:00;00:00:00;00:07:00;Finalizado;Humano;Padrão;Ativo;7;3;Rechamada;2026-01-25 11:23:00;2026;1;25;9;Sunday;80.0;20.0;30.0;0.0;7.0;130.0;True;True;Acima de 30 minutos;De 16 a 60 minutos
Suporte SAC;Gabriel Santos;Empresa Simulada;Cliente 006;202600000316;Telefone;2026-01-11 17:24:00;2026-01-11 17:25:00;2026-01-11 17:24:00;00:01:00;00:02:00;00:00:00;00:00:00;00:00:00;Transferido;Automático;Urgente;Ativo;4;7;Rechamada;2026-01-11 17:27:00;2026;1;11;17;Sunday;1.0;2.0;0.0;0.0;0.0;3.0;False;True;Até 5 minutos;Até 15 minutos
Suporte SAC;Fernanda Alves;Empresa Simulada;Cliente 002;202600000301;E-mail;2026-02-13 08:38:00;2026-02-13 08:39:00;2026-02-13 08:41:00;00:01:00;00:00:00;00:20:00;00:01:00;00:02:00;Em atendimento;Humano;Urgente;Ativo;7;3;Rechamada;;2026;2;13;8;Friday;1.0;0.0;20.0;1.0;2.0;21.0;False;True;Até 5 minutos;Até 15 minutos
Atendimento Comercial;Diego Rocha;Empresa Simulada;Cliente 003;202600000298;Telefone;2026-01-12 10:43:00;2026-01-12 11:08:00;2026-01-12 10:46:00;00:25:00;00:05:00;00:00:00;00:08:00;00:02:00;Finalizado;Misto;Padrão;Ativo;2;2;Sem recorrência;2026-01-12 11:13:00;2026;1;12;10;Monday;25.0;5.0;0.0;8.0;2.0;30.0;True;False;De 6 a 30 minutos;Até 15 minutos
Suporte SAC;Bruno Lima;Empresa Simulada;Cliente 006;202600000297;Portal;2026-01-09 11:46:00;2026-01-09 12:11:00;2026-01-09 11:48:00;00:25:00;00:45:00;00:00:00;00:00:00;00:02:00;Finalizado;Humano;Padrão;Receptivo;0;6;Recorrente;2026-01-09 12:56:00;2026;1;9;11;Friday;25.0;45.0;0.0;0.0;2.0;70.0;True;True;De 6 a 30 minutos;De 16 a 60 minutos
Suporte Técnico;Bruno Lima;Empresa Simulada;Cliente 001;202600000297;Whatsapp;2026-01-16 14:23:00;;2026-01-16 14:26:00;00:01:00;00:00:00;00:20:00;00:01:00;00:02:00;Aguardando atendimento;Automático;Normal;Receptivo;2;5;Rechamada;;2026;1;16;14;Friday;1.0;0.0;20.0;1.0;2.0;21.0;False;True;Até 5 minutos;Até 15 minutos
Pós-venda;Carla Mendes;Empresa Simulada;Cliente 001;202600000307;Portal;2026-02-24 17:57:00;2026-02-24 17:58:00;2026-02-24 17:58:00;00:01:00;02:10:00;00:05:00;00:00:00;00:07:00;Finalizado;Misto;Normal;Ativo;2;0;Sem recorrência;2026-02-24 20:08:00;2026;2;24;17;Tuesday;1.0;130.0;5.0;0.0;7.0;136.0;True;False;Até 5 minutos;Acima de 60 minutos
Dúvidas Gerais;Não informado;Empresa Simulada;Cliente 001;202600000295;Portal;2026-02-04 16:02:00;2026-02-04 16:17:00;2026-02-04 16:05:00;00:15:00;00:08:00;00:05:00;00:03:00;00:00:00;Finalizado;Humano;Normal;Ativo;0;7;Rechamada;2026-02-04 16:25:00;2026;2;4;16;Wednesday;15.0;8.0;5.0;3.0;0.0;28.0;True;True;De 6 a 30 minutos;Até 15 minutos
Atendimento Comercial;Não informado;Empresa Simulada;Cliente 007;202600000306;Telefone;2026-02-19 15:54:00;2026-02-19 17:14:00;2026-02-19 15:54:00;01:20:00;01:30:00;00:30:00;00:00:00;00:10:00;Finalizado por inatividade;Misto;Padrão;Ativo;6;5;Reincidente;2026-02-19 18:44:00;2026;2;19;15;Thursday;80.0;90.0;30.0;0.0;10.0;200.0;True;True;Acima de 30 minutos;Acima de 60 minutos
Suporte SAC;Fernanda Alves;Empresa Simulada;Cliente 006;202600000318;Telefone;2026-02-01 12:44:00;;2026-02-01 12:45:00;01:20:00;00:00:00;00:00:00;00:05:00;00:02:00;Aguardando atendimento;Humano;Normal;Ativo;5;5;Sem recorrência;;2026;2;1;12;Sunday;80.0;0.0;0.0;5.0;2.0;80.0;False;False;Acima de 30 minutos;Até 15 minutos
Atendimento Comercial;Carla Mendes;Empresa Simulada;Cliente 003;202600000302;Telefone;2026-02-09 11:08:00;2026-02-09 11:18:00;2026-02-09 11:09:00;00:10:00;01:30:00;00:20:00;00:05:00;00:10:00;Finalizado;Misto;Urgente;Ativo;5;5;Sem recorrência;2026-02-09 12:48:00;2026;2;9;11;Monday;10.0;90.0;20.0;5.0;10.0;120.0;True;False;De 6 a 30 minutos;Acima de 60 minutos
Suporte SAC;Bruno Lima;Empresa Simulada;Cliente 004;202600000322;Whatsapp;2026-02-04 16:43:00;2026-02-04 17:28:00;2026-02-04 16:45:00;00:45:00;00:45:00;00:30:00;00:08:00;00:10:00;Finalizado;Humano;Padrão;Ativo;2;4;Rechamada;2026-02-04 18:13:00;2026;2;4;16;Wednesday;45.0;45.0;30.0;8.0;10.0;120.0;True;True;Acima de 30 minutos;De 16 a 60 minutos
Pós-venda;Gabriel Santos;Empresa Simulada;Cliente 006;202600000311;Whatsapp;2026-02-05 10:55:00;2026-02-05 10:58:00;2026-02-05 10:55:00;00:03:00;02:10:00;00:00:00;00:03:00;00:02:00;Finalizado;Automático;Normal;Receptivo;6;5;Reincidente;2026-02-05 13:08:00;2026;2;5;10;Thursday;3.0;130.0;0.0;3.0;2.0;133.0;True;True;Até 5 minutos;Acima de 60 minutos
Suporte Técnico;Bruno Lima;Empresa Simulada;Cliente 004;202600000324;Telefone;2026-02-05 17:42:00;2026-02-05 20:42:00;2026-02-05 17:45:00;03:00:00;00:12:00;00:30:00;00:01:00;00:00:00;Finalizado;Automático;Normal;Receptivo;2;2;Reincidente;2026-02-05 20:54:00;2026;2;5;17;Thursday;180.0;12.0;30.0;1.0;0.0;222.0;True;True;Acima de 30 minutos;Até 15 minutos
Pós-venda;Carla Mendes;Empresa Simulada;Cliente 003;202600000304;E-mail;2026-01-16 10:53:00;2026-01-16 13:53:00;2026-01-16 10:54:00;03:00:00;00:08:00;00:00:00;00:01:00;00:07:00;Finalizado;Humano;Urgente;Receptivo;5;2;Rechamada;2026-01-16 14:01:00;2026;1;16;10;Friday;180.0;8.0;0.0;1.0;7.0;188.0;True;True;Acima de 30 minutos;Até 15 minutos
Dúvidas Gerais;Fernanda Alves;Empresa Simulada;Cliente 003;202600000301;Telefone;2026-02-08 12:07:00;2026-02-08 12:07:00;2026-02-08 12:10:00;00:00:00;00:12:00;00:05:00;00:01:00;00:00:00;Finalizado por inatividade;Automático;Padrão;Receptivo;5;1;Sem recorrência;2026-02-08 12:19:00;2026;2;8;12;Sunday;0.0;12.0;5.0;1.0;0.0;17.0;True;False;Até 5 minutos;Até 15 minutos
Suporte SAC;Fernanda Alves;Empresa Simulada;Cliente 006;202600000312;E-mail;2026-01-13 16:07:00;2026-01-13 16:12:00;2026-01-13 16:07:00;00:05:00;00:20:00;00:05:00;00:01:00;00:00:00;Finalizado;Misto;Urgente;Ativo;1;7;Sem recorrência;2026-01-13 16:32:00;2026;1;13;16;Tuesday;5.0;20.0;5.0;1.0;0.0;30.0;True;False;Até 5 minutos;De 16 a 60 minutos
Atendimento Comercial;Gabriel Santos;Empresa Simulada;Cliente 007;202600000315;Portal;2026-02-06 14:12:00;2026-02-06 14:37:00;2026-02-06 14:14:00;00:25:00;00:50:00;00:00:00;00:08:00;00:02:00;Em atendimento;Automático;Padrão;Receptivo;5;4;Sem recorrência;;2026;2;6;14;Friday;25.0;50.0;0.0;8.0;2.0;75.0;False;False;De 6 a 30 minutos;De 16 a 60 minutos
Dúvidas Gerais;Fernanda Alves;Empresa Simulada;Cliente 001;202600000330;E-mail;2026-01-18 15:47:00;2026-01-18 16:02:00;2026-01-18 15:50:00;00:15:00;01:00:00;00:20:00;00:03:00;00:00:00;Finalizado;Humano;Padrão;Ativo;6;1;Reincidente;2026-01-18 17:02:00;2026;1;18;15;Sunday;15.0;60.0;20.0;3.0;0.0;95.0;True;True;De 6 a 30 minutos;De 16 a 60 minutos
Suporte Técnico;Não informado;Empresa Simulada;Cliente 005;202600000306;Telefone;2026-01-31 10:35:00;2026-01-31 11:00:00;2026-01-31 10:36:00;00:25:00;01:00:00;00:00:00;00:05:00;00:04:00;Finalizado;Automático;Urgente;Ativo;0;2;Recorrente;2026-01-31 12:00:00;2026;1;31;10;Saturday;25.0;60.0;0.0;5.0;4.0;85.0;True;True;De 6 a 30 minutos;De 16 a 60 minutos
Suporte SAC;Fernanda Alves;Empresa Simulada;Cliente 006;202600000321;Telefone;2026-01-12 12:26:00;2026-01-12 12:27:00;2026-01-12 12:29:00;00:01:00;00:05:00;00:00:00;00:00:00;00:02:00;Transferido;Misto;Padrão;Receptivo;1;5;Sem recorrência;2026-01-12 12:32:00;2026;1;12;12;Monday;1.0;5.0;0.0;0.0;2.0;6.0;False;False;Até 5 minutos;Até 15 minutos
Suporte SAC;Carla Mendes;Empresa Simulada;Cliente 003;202600000312;Portal;2026-02-28 12:10:00;2026-02-28 13:30:00;2026-02-28 12:10:00;01:20:00;01:30:00;00:20:00;00:00:00;00:02:00;Finalizado;Misto;Padrão;Ativo;3;2;Rechamada;2026-02-28 15:00:00;2026;2;28;12;Saturday;80.0;90.0;20.0;0.0;2.0;190.0;True;True;Acima de 30 minutos;Acima de 60 minutos
Atendimento Comercial;Ana Souza;Empresa Simulada;Cliente 002;202600000319;Telefone;2026-02-08 13:55:00;2026-02-08 14:05:00;2026-02-08 13:57:00;00:10:00;00:45:00;00:00:00;00:05:00;00:07:00;Finalizado;Automático;Padrão;Ativo;3;2;Rechamada;2026-02-08 14:50:00;2026;2;8;13;Sunday;10.0;45.0;0.0;5.0;7.0;55.0;True;True;De 6 a 30 minutos;De 16 a 60 minutos
Suporte Técnico;Carla Mendes;Empresa Simulada;Cliente 006;202600000324;Telefone;2026-02-24 16:39:00;2026-02-24 19:39:00;2026-02-24 16:39:00;03:00:00;00:08:00;00:00:00;00:00:00;00:00:00;Finalizado;Humano;Padrão;Ativo;4;0;Rechamada;2026-02-24 19:47:00;2026;2;24;16;Tuesday;180.0;8.0;0.0;0.0;0.0;188.0;True;True;Acima de 30 minutos;Até 15 minutos
Suporte SAC;Ana Souza;Empresa Simulada;Cliente 001;202600000334;Portal;2026-01-13 10:44:00;2026-01-13 10:47:00;2026-01-13 10:46:00;00:03:00;00:12:00;00:00:00;00:03:00;00:10:00;Finalizado;Automático;Normal;Ativo;7;1;Sem recorrência;2026-01-13 10:59:00;2026;1;13;10;Tuesday;3.0;12.0;0.0;3.0;10.0;15.0;True;False;Até 5 minutos;Até 15 minutos
Suporte Técnico;Ana Souza;Empresa Simulada;Cliente 001;202600000332;E-mail;2026-01-24 08:48:00;2026-01-24 08:48:00;2026-01-24 08:48:00;00:00:00;00:05:00;00:10:00;00:00:00;00:00:00;Transferido;Misto;Padrão;Ativo;3;1;Sem recorrência;2026-01-24 08:53:00;2026;1;24;8;Saturday;0.0;5.0;10.0;0.0;0.0;15.0;False;False;Até 5 minutos;Até 15 minutos
Atendimento Comercial;Fernanda Alves;Empresa Simulada;Cliente 007;202600000341;Portal;2026-02-07 11:45:00;2026-02-07 11:48:00;2026-02-07 11:47:00;00:03:00;02:10:00;00:00:00;00:08:00;00:00:00;Finalizado;Automático;Urgente;Ativo;2;5;Rechamada;2026-02-07 13:58:00;2026;2;7;11;Saturday;3.0;130.0;0.0;8.0;0.0;133.0;True;True;Até 5 minutos;Acima de 60 minutos
Suporte Técnico;Gabriel Santos;Empresa Simulada;Cliente 003;202600000337;Whatsapp;2026-02-06 11:26:00;2026-02-06 11:26:00;2026-02-06 11:28:00;00:00:00;00:08:00;00:10:00;00:00:00;00:04:00;Finalizado;Humano;Padrão;Receptivo;7;4;Rechamada;2026-02-06 11:34:00;2026;2;6;11;Friday;0.0;8.0;10.0;0.0;4.0;18.0;True;True;Até 5 minutos;Até 15 minutos
Pós-venda;Gabriel Santos;Empresa Simulada;Cliente 001;202600000314;Portal;2026-02-09 14:18:00;2026-02-09 14:33:00;2026-02-09 14:19:00;00:15:00;00:20:00;00:20:00;00:01:00;00:00:00;Transferido;Automático;Urgente;Ativo;6;6;Sem recorrência;2026-02-09 14:53:00;2026;2;9;14;Monday;15.0;20.0;20.0;1.0;0.0;55.0;False;False;De 6 a 30 minutos;De 16 a 60 minutos
Pós-venda;Carla Mendes;Empresa Simulada;Cliente 007;202600000338;Telefone;2026-02-21 10:04:00;2026-02-21 10:14:00;2026-02-21 10:05:00;00:10:00;01:00:00;00:00:00;00:00:00;00:04:00;Finalizado;Misto;Padrão;Receptivo;7;4;Sem recorrência;2026-02-21 11:14:00;2026;2;21;10;Saturday;10.0;60.0;0.0;0.0;4.0;70.0;True;False;De 6 a 30 minutos;De 16 a 60 minutos
Suporte SAC;Diego Rocha;Empresa Simulada;Cliente 006;202600000317;Whatsapp;2026-01-12 12:31:00;2026-01-12 12:56:00;2026-01-12 12:32:00;00:25:00;00:05:00;00:00:00;00:00:00;00:10:00;Em atendimento;Humano;Padrão;Receptivo;1;1;Recorrente;;2026;1;12;12;Monday;25.0;5.0;0.0;0.0;10.0;30.0;False;True;De 6 a 30 minutos;Até 15 minutos
Suporte SAC;Não informado;Empresa Simulada;Cliente 001;202600000334;Portal;2026-02-24 15:12:00;2026-02-24 15:17:00;2026-02-24 15:15:00;00:05:00;00:30:00;00:10:00;00:01:00;00:07:00;Finalizado;Humano;Padrão;Receptivo;7;0;Reincidente;2026-02-24 15:47:00;2026;2;24;15;Tuesday;5.0;30.0;10.0;1.0;7.0;45.0;True;True;Até 5 minutos;De 16 a 60 minutos
Pós-venda;Gabriel Santos;Empresa Simulada;Cliente 005;202600000339;Portal;2026-02-19 10:31:00;2026-02-19 10:46:00;2026-02-19 10:32:00;00:15:00;01:00:00;00:05:00;00:00:00;00:07:00;Finalizado;Automático;Urgente;Receptivo;4;7;Reincidente;2026-02-19 11:46:00;2026;2;19;10;Thursday;15.0;60.0;5.0;0.0;7.0;80.0;True;True;De 6 a 30 minutos;De 16 a 60 minutos
Dúvidas Gerais;Ana Souza;Empresa Simulada;Cliente 007;202600000344;Telefone;2026-02-23 12:20:00;2026-02-23 12:20:00;2026-02-23 12:20:00;00:00:00;00:05:00;00:30:00;00:01:00;00:02:00;Em atendimento;Automático;Normal;Receptivo;5;0;Rechamada;;2026;2;23;12;Monday;0.0;5.0;30.0;1.0;2.0;35.0;False;True;Até 5 minutos;Até 15 minutos
Suporte Técnico;Ana Souza;Empresa Simulada;Cliente 004;202600000337;Portal;2026-01-20 12:37:00;2026-01-20 12:37:00;2026-01-20 12:37:00;00:00:00;00:02:00;00:00:00;00:00:00;00:00:00;Transferido;Misto;Urgente;Receptivo;0;5;Recorrente;2026-01-20 12:39:00;2026;1;20;12;Tuesday;0.0;2.0;0.0;0.0;0.0;2.0;False;True;Até 5 minutos;Até 15 minutos
